family,strategy,instrument,params,trades_per_year,exposure_pct,sharpe_discovery,sharpe_validation_raw,sharpe_validation_timing,rw_p_timing,sharpe_holdout_2026,tier
A reversal,SPY|K2|X1|F0,SPY,signal=K2; exit=X1; filter=F0,48.7,19.3,0.43,0.65,0.44,0.957,,2 (robust)
A reversal,SPY|K2|X1|UP,SPY,signal=K2; exit=X1; filter=UP,33.5,13.3,0.1,0.43,0.06,1.0,,3 (positive)
A reversal,SPY|K2|X1|DN,SPY,signal=K2; exit=X1; filter=DN,15.2,6.0,0.45,0.49,0.52,0.87,,2 (robust)
A reversal,SPY|K2|XU|F0,SPY,signal=K2; exit=XU; filter=F0,28.3,19.4,0.45,0.65,0.44,0.958,,2 (robust)
A reversal,SPY|K2|XU|UP,SPY,signal=K2; exit=XU; filter=UP,20.3,13.9,0.22,0.35,0.0,1.0,,3 (positive)
A reversal,SPY|K2|XU|DN,SPY,signal=K2; exit=XU; filter=DN,8.7,6.0,0.46,0.5,0.53,0.848,,2 (robust)
A reversal,SPY|K2|X3|F0,SPY,signal=K2; exit=X3; filter=F0,30.1,35.8,0.25,0.57,0.22,1.0,,3 (positive)
A reversal,SPY|K2|X3|UP,SPY,signal=K2; exit=X3; filter=UP,21.3,25.3,0.14,0.13,-0.42,1.0,,reject
A reversal,SPY|K2|X3|DN,SPY,signal=K2; exit=X3; filter=DN,9.4,11.1,0.22,0.56,0.58,0.671,,3 (positive)
A reversal,SPY|K3|X1|F0,SPY,signal=K3; exit=X1; filter=F0,20.7,8.2,0.62,0.67,0.57,0.566,,2 (robust)
A reversal,SPY|K3|X1|UP,SPY,signal=K3; exit=X1; filter=UP,13.2,5.2,0.51,0.58,0.36,0.996,,2 (robust)
A reversal,SPY|K3|X1|DN,SPY,signal=K3; exit=X1; filter=DN,7.5,3.0,0.41,0.41,0.45,0.959,,2 (robust)
A reversal,SPY|K3|XU|F0,SPY,signal=K3; exit=XU; filter=F0,12.8,8.2,0.63,0.69,0.59,0.499,,2 (robust)
A reversal,SPY|K3|XU|UP,SPY,signal=K3; exit=XU; filter=UP,8.7,5.5,0.55,0.61,0.4,0.959,,2 (robust)
A reversal,SPY|K3|XU|DN,SPY,signal=K3; exit=XU; filter=DN,4.4,3.0,0.42,0.42,0.45,0.955,,2 (robust)
A reversal,SPY|K3|X3|F0,SPY,signal=K3; exit=X3; filter=F0,13.2,15.8,0.46,0.39,0.22,1.0,,3 (positive)
A reversal,SPY|K3|X3|UP,SPY,signal=K3; exit=X3; filter=UP,9.0,10.7,0.49,0.49,0.16,1.0,,3 (positive)
A reversal,SPY|K3|X3|DN,SPY,signal=K3; exit=X3; filter=DN,4.5,5.4,0.2,0.07,0.1,1.0,,3 (positive)
A reversal,SPY|K4|X1|F0,SPY,signal=K4; exit=X1; filter=F0,7.9,3.1,0.59,0.54,0.5,0.808,,2 (robust)
A reversal,SPY|K4|X1|UP,SPY,signal=K4; exit=X1; filter=UP,4.4,1.8,0.41,0.49,0.37,0.988,,2 (robust)
A reversal,SPY|K4|X1|DN,SPY,signal=K4; exit=X1; filter=DN,3.5,1.4,0.44,0.35,0.37,0.991,,2 (robust)
A reversal,SPY|K4|XU|F0,SPY,signal=K4; exit=XU; filter=F0,5.2,3.1,0.59,0.55,0.51,0.772,,2 (robust)
A reversal,SPY|K4|XU|UP,SPY,signal=K4; exit=XU; filter=UP,3.3,1.9,0.46,0.55,0.44,0.677,,2 (robust)
A reversal,SPY|K4|XU|DN,SPY,signal=K4; exit=XU; filter=DN,2.1,1.4,0.44,0.35,0.37,0.989,,2 (robust)
A reversal,SPY|K4|X3|F0,SPY,signal=K4; exit=X3; filter=F0,5.5,6.5,0.51,0.42,0.35,0.967,,2 (robust)
A reversal,SPY|K4|X3|UP,SPY,signal=K4; exit=X3; filter=UP,3.3,3.9,0.73,0.39,0.2,1.0,,3 (positive)
A reversal,SPY|K4|X3|DN,SPY,signal=K4; exit=X3; filter=DN,2.2,2.7,0.15,0.19,0.23,0.999,,3 (positive)
A reversal,SPY|K5|X1|F0,SPY,signal=K5; exit=X1; filter=F0,2.7,1.1,0.4,0.48,0.46,0.683,,2 (robust)
A reversal,SPY|K5|X1|UP,SPY,signal=K5; exit=X1; filter=UP,1.2,0.5,0.37,0.22,0.18,1.0,,3 (positive)
A reversal,SPY|K5|X1|DN,SPY,signal=K5; exit=X1; filter=DN,1.5,0.6,0.32,0.43,0.44,0.902,,2 (robust)
A reversal,SPY|K5|XU|F0,SPY,signal=K5; exit=XU; filter=F0,1.9,1.1,0.4,0.48,0.47,0.673,,2 (robust)
A reversal,SPY|K5|XU|UP,SPY,signal=K5; exit=XU; filter=UP,1.0,0.5,0.4,0.32,0.27,0.99,,3 (positive)
A reversal,SPY|K5|XU|DN,SPY,signal=K5; exit=XU; filter=DN,1.0,0.6,0.32,0.43,0.44,0.898,,2 (robust)
A reversal,SPY|K5|X3|F0,SPY,signal=K5; exit=X3; filter=F0,2.0,2.3,0.29,0.38,0.35,0.979,,2 (robust)
A reversal,SPY|K5|X3|UP,SPY,signal=K5; exit=X3; filter=UP,1.0,1.1,0.46,0.36,0.27,0.997,,3 (positive)
A reversal,SPY|K5|X3|DN,SPY,signal=K5; exit=X3; filter=DN,1.1,1.3,0.11,0.2,0.22,0.999,,3 (positive)
A reversal,SPY|R5|X1|F0,SPY,signal=R5; exit=X1; filter=F0,11.0,4.4,0.45,0.43,0.37,0.979,,2 (robust)
A reversal,SPY|R5|X1|UP,SPY,signal=R5; exit=X1; filter=UP,6.1,2.4,0.63,0.37,0.27,1.0,,3 (positive)
A reversal,SPY|R5|X1|DN,SPY,signal=R5; exit=X1; filter=DN,4.9,1.9,0.16,0.26,0.26,0.999,,3 (positive)
A reversal,SPY|R5|XU|F0,SPY,signal=R5; exit=XU; filter=F0,6.7,4.4,0.45,0.44,0.38,0.975,,2 (robust)
A reversal,SPY|R5|XU|UP,SPY,signal=R5; exit=XU; filter=UP,4.1,2.5,0.68,0.47,0.37,0.98,,2 (robust)
A reversal,SPY|R5|XU|DN,SPY,signal=R5; exit=XU; filter=DN,2.8,1.9,0.16,0.26,0.27,0.999,,3 (positive)
A reversal,SPY|R5|X3|F0,SPY,signal=R5; exit=X3; filter=F0,6.9,8.3,0.36,0.48,0.37,0.99,,2 (robust)
A reversal,SPY|R5|X3|UP,SPY,signal=R5; exit=X3; filter=UP,4.1,4.9,0.58,0.39,0.2,1.0,,3 (positive)
A reversal,SPY|R5|X3|DN,SPY,signal=R5; exit=X3; filter=DN,2.9,3.5,0.0,0.34,0.35,0.991,,2 (robust)
A reversal,SPY|R10|X1|F0,SPY,signal=R10; exit=X1; filter=F0,23.3,9.2,0.67,0.78,0.68,0.369,,2 (robust)
A reversal,SPY|R10|X1|UP,SPY,signal=R10; exit=X1; filter=UP,13.7,5.4,0.66,0.66,0.47,0.965,,2 (robust)
A reversal,SPY|R10|X1|DN,SPY,signal=R10; exit=X1; filter=DN,9.6,3.8,0.39,0.5,0.51,0.957,,2 (robust)
A reversal,SPY|R10|XU|F0,SPY,signal=R10; exit=XU; filter=F0,14.2,9.2,0.69,0.79,0.7,0.324,,2 (robust)
A reversal,SPY|R10|XU|UP,SPY,signal=R10; exit=XU; filter=UP,8.9,5.6,0.73,0.74,0.56,0.649,,2 (robust)
A reversal,SPY|R10|XU|DN,SPY,signal=R10; exit=XU; filter=DN,5.6,3.8,0.4,0.51,0.52,0.954,,2 (robust)
A reversal,SPY|R10|X3|F0,SPY,signal=R10; exit=X3; filter=F0,14.4,17.1,0.64,0.65,0.5,0.624,,2 (robust)
A reversal,SPY|R10|X3|UP,SPY,signal=R10; exit=X3; filter=UP,9.0,10.8,0.72,0.58,0.3,0.999,,3 (positive)
A reversal,SPY|R10|X3|DN,SPY,signal=R10; exit=X3; filter=DN,5.6,6.7,0.26,0.42,0.42,0.837,,2 (robust)
A reversal,SPY|R20|X1|F0,SPY,signal=R20; exit=X1; filter=F0,46.2,18.3,0.46,0.8,0.61,0.568,,2 (robust)
A reversal,SPY|R20|X1|UP,SPY,signal=R20; exit=X1; filter=UP,29.7,11.8,0.28,0.58,0.25,1.0,,3 (positive)
A reversal,SPY|R20|X1|DN,SPY,signal=R20; exit=X1; filter=DN,16.5,6.6,0.37,0.56,0.58,0.785,,2 (robust)
A reversal,SPY|R20|XU|F0,SPY,signal=R20; exit=XU; filter=F0,27.2,18.3,0.49,0.83,0.64,0.466,,2 (robust)
A reversal,SPY|R20|XU|UP,SPY,signal=R20; exit=XU; filter=UP,18.6,12.3,0.36,0.56,0.25,1.0,,3 (positive)
A reversal,SPY|R20|XU|DN,SPY,signal=R20; exit=XU; filter=DN,9.3,6.6,0.38,0.57,0.59,0.748,,2 (robust)
A reversal,SPY|R20|X3|F0,SPY,signal=R20; exit=X3; filter=F0,26.1,31.1,0.29,0.65,0.38,0.972,,3 (positive)
A reversal,SPY|R20|X3|UP,SPY,signal=R20; exit=X3; filter=UP,17.6,20.9,0.34,0.38,-0.08,1.0,,reject
A reversal,SPY|R20|X3|DN,SPY,signal=R20; exit=X3; filter=DN,9.1,10.8,0.11,0.53,0.55,0.475,,3 (positive)
A reversal,SPY|I10|X1|F0,SPY,signal=I10; exit=X1; filter=F0,26.2,10.4,0.82,0.46,0.3,0.999,,3 (positive)
A reversal,SPY|I10|X1|UP,SPY,signal=I10; exit=X1; filter=UP,17.5,7.0,0.79,0.41,0.14,1.0,,3 (positive)
A reversal,SPY|I10|X1|DN,SPY,signal=I10; exit=X1; filter=DN,8.6,3.4,0.48,0.26,0.27,1.0,,3 (positive)
A reversal,SPY|I10|XU|F0,SPY,signal=I10; exit=XU; filter=F0,22.6,14.9,0.8,0.77,0.6,0.664,,2 (robust)
A reversal,SPY|I10|XU|UP,SPY,signal=I10; exit=XU; filter=UP,15.6,10.0,0.8,0.68,0.37,0.987,,2 (robust)
A reversal,SPY|I10|XU|DN,SPY,signal=I10; exit=XU; filter=DN,7.3,5.0,0.47,0.5,0.51,0.946,,2 (robust)
A reversal,SPY|I10|X3|F0,SPY,signal=I10; exit=X3; filter=F0,21.6,25.8,0.7,0.7,0.43,0.96,,2 (robust)
A reversal,SPY|I10|X3|UP,SPY,signal=I10; exit=X3; filter=UP,14.8,17.6,0.52,0.88,0.42,0.988,,2 (robust)
A reversal,SPY|I10|X3|DN,SPY,signal=I10; exit=X3; filter=DN,7.1,8.4,0.48,0.2,0.21,1.0,,3 (positive)
A reversal,SPY|I25|X1|F0,SPY,signal=I25; exit=X1; filter=F0,57.0,22.6,0.55,0.53,0.27,1.0,,3 (positive)
A reversal,SPY|I25|X1|UP,SPY,signal=I25; exit=X1; filter=UP,39.3,15.6,0.39,0.26,-0.16,1.0,,reject
A reversal,SPY|I25|X1|DN,SPY,signal=I25; exit=X1; filter=DN,17.7,7.0,0.4,0.47,0.49,0.967,,3 (positive)
A reversal,SPY|I25|XU|F0,SPY,signal=I25; exit=XU; filter=F0,41.4,28.9,0.59,0.77,0.48,0.964,,2 (robust)
A reversal,SPY|I25|XU|UP,SPY,signal=I25; exit=XU; filter=UP,29.6,20.5,0.39,0.49,0.02,1.0,,3 (positive)
A reversal,SPY|I25|XU|DN,SPY,signal=I25; exit=XU; filter=DN,12.7,8.9,0.47,0.68,0.7,0.725,,2 (robust)
A reversal,SPY|I25|X3|F0,SPY,signal=I25; exit=X3; filter=F0,38.5,45.8,0.53,0.48,0.07,1.0,,3 (positive)
A reversal,SPY|I25|X3|UP,SPY,signal=I25; exit=X3; filter=UP,27.5,32.7,0.47,0.38,-0.26,1.0,,reject
A reversal,SPY|I25|X3|DN,SPY,signal=I25; exit=X3; filter=DN,11.7,13.9,0.32,0.33,0.34,0.982,,3 (positive)
A reversal,SPY|L5|X1|F0,SPY,signal=L5; exit=X1; filter=F0,52.8,21.0,0.41,0.65,0.43,0.959,,2 (robust)
A reversal,SPY|L5|X1|UP,SPY,signal=L5; exit=X1; filter=UP,35.2,14.0,0.08,0.51,0.13,1.0,,3 (positive)
A reversal,SPY|L5|X1|DN,SPY,signal=L5; exit=X1; filter=DN,17.6,7.0,0.44,0.42,0.44,0.962,,2 (robust)
A reversal,SPY|L5|XU|F0,SPY,signal=L5; exit=XU; filter=F0,30.5,21.0,0.44,0.68,0.46,0.93,,2 (robust)
A reversal,SPY|L5|XU|UP,SPY,signal=L5; exit=XU; filter=UP,21.3,14.6,0.15,0.5,0.14,1.0,,3 (positive)
A reversal,SPY|L5|XU|DN,SPY,signal=L5; exit=XU; filter=DN,10.0,7.0,0.45,0.43,0.45,0.957,,2 (robust)
A reversal,SPY|L5|X3|F0,SPY,signal=L5; exit=X3; filter=F0,30.2,36.0,0.41,0.78,0.45,0.879,,2 (robust)
A reversal,SPY|L5|X3|UP,SPY,signal=L5; exit=X3; filter=UP,20.9,24.9,0.19,0.61,0.09,1.0,,3 (positive)
A reversal,SPY|L5|X3|DN,SPY,signal=L5; exit=X3; filter=DN,10.0,11.9,0.31,0.51,0.52,0.582,,2 (robust)
A reversal,SPY|L10|X1|F0,SPY,signal=L10; exit=X1; filter=F0,31.4,12.4,0.52,0.68,0.55,0.804,,2 (robust)
A reversal,SPY|L10|X1|UP,SPY,signal=L10; exit=X1; filter=UP,18.8,7.5,0.41,0.64,0.4,0.987,,2 (robust)
A reversal,SPY|L10|X1|DN,SPY,signal=L10; exit=X1; filter=DN,12.6,5.0,0.37,0.37,0.39,0.996,,2 (robust)
A reversal,SPY|L10|XU|F0,SPY,signal=L10; exit=XU; filter=F0,18.9,12.4,0.54,0.7,0.57,0.727,,2 (robust)
A reversal,SPY|L10|XU|UP,SPY,signal=L10; exit=XU; filter=UP,12.2,7.8,0.48,0.76,0.52,0.757,,2 (robust)
A reversal,SPY|L10|XU|DN,SPY,signal=L10; exit=XU; filter=DN,7.3,5.0,0.38,0.38,0.4,0.995,,2 (robust)
A reversal,SPY|L10|X3|F0,SPY,signal=L10; exit=X3; filter=F0,18.3,21.8,0.51,0.58,0.38,0.932,,2 (robust)
A reversal,SPY|L10|X3|UP,SPY,signal=L10; exit=X3; filter=UP,11.7,13.9,0.6,0.81,0.46,0.946,,2 (robust)
A reversal,SPY|L10|X3|DN,SPY,signal=L10; exit=X3; filter=DN,7.1,8.4,0.21,0.23,0.25,0.996,,3 (positive)
A reversal,SPY|D15|X1|F0,SPY,signal=D15; exit=X1; filter=F0,17.1,6.8,0.59,0.28,0.15,1.0,,3 (positive)
A reversal,SPY|D15|X1|UP,SPY,signal=D15; exit=X1; filter=UP,11.7,4.6,0.39,0.57,0.34,0.991,,3 (positive)
A reversal,SPY|D15|X1|DN,SPY,signal=D15; exit=X1; filter=DN,5.4,2.2,0.45,-0.06,-0.06,1.0,,reject
A reversal,SPY|D15|XU|F0,SPY,signal=D15; exit=XU; filter=F0,14.8,10.3,0.35,0.42,0.28,0.994,,3 (positive)
A reversal,SPY|D15|XU|UP,SPY,signal=D15; exit=XU; filter=UP,10.4,7.1,0.17,0.53,0.29,0.998,,3 (positive)
A reversal,SPY|D15|XU|DN,SPY,signal=D15; exit=XU; filter=DN,4.6,3.3,0.33,0.19,0.2,0.999,,3 (positive)
A reversal,SPY|D15|X3|F0,SPY,signal=D15; exit=X3; filter=F0,14.3,17.1,0.22,0.26,0.04,1.0,,3 (positive)
A reversal,SPY|D15|X3|UP,SPY,signal=D15; exit=X3; filter=UP,10.1,12.0,0.15,0.64,0.29,0.999,,3 (positive)
A reversal,SPY|D15|X3|DN,SPY,signal=D15; exit=X3; filter=DN,4.5,5.4,0.2,-0.13,-0.13,1.0,,reject
A reversal,QQQ|K2|X1|F0,QQQ,signal=K2; exit=X1; filter=F0,49.1,19.5,0.26,0.86,0.61,0.416,,2 (robust)
A reversal,QQQ|K2|X1|UP,QQQ,signal=K2; exit=X1; filter=UP,31.1,12.3,0.07,0.7,0.29,0.999,,3 (positive)
A reversal,QQQ|K2|X1|DN,QQQ,signal=K2; exit=X1; filter=DN,18.0,7.1,0.27,0.51,0.58,0.632,,2 (robust)
A reversal,QQQ|K2|XU|F0,QQQ,signal=K2; exit=XU; filter=F0,28.1,19.6,0.28,0.88,0.64,0.33,,2 (robust)
A reversal,QQQ|K2|XU|UP,QQQ,signal=K2; exit=XU; filter=UP,18.8,12.9,0.14,0.7,0.31,0.996,,3 (positive)
A reversal,QQQ|K2|XU|DN,QQQ,signal=K2; exit=XU; filter=DN,9.9,7.1,0.28,0.52,0.59,0.602,,2 (robust)
A reversal,QQQ|K2|X3|F0,QQQ,signal=K2; exit=X3; filter=F0,30.3,36.1,-0.05,0.75,0.35,0.987,,3 (positive)
A reversal,QQQ|K2|X3|UP,QQQ,signal=K2; exit=X3; filter=UP,19.9,23.7,-0.16,0.55,-0.06,1.0,,reject
A reversal,QQQ|K2|X3|DN,QQQ,signal=K2; exit=X3; filter=DN,10.8,12.8,0.1,0.35,0.41,0.928,,3 (positive)
A reversal,QQQ|K3|X1|F0,QQQ,signal=K3; exit=X1; filter=F0,21.2,8.4,0.66,0.82,0.7,0.44,,2 (robust)
A reversal,QQQ|K3|X1|UP,QQQ,signal=K3; exit=X1; filter=UP,12.4,4.9,0.41,0.62,0.38,0.993,,3 (positive)
A reversal,QQQ|K3|X1|DN,QQQ,signal=K3; exit=X1; filter=DN,8.9,3.5,0.53,0.54,0.6,0.721,,2 (robust)
A reversal,QQQ|K3|XU|F0,QQQ,signal=K3; exit=XU; filter=F0,12.7,8.4,0.67,0.83,0.71,0.392,,2 (robust)
A reversal,QQQ|K3|XU|UP,QQQ,signal=K3; exit=XU; filter=UP,7.8,5.2,0.41,0.54,0.32,0.998,,3 (positive)
A reversal,QQQ|K3|XU|DN,QQQ,signal=K3; exit=XU; filter=DN,5.1,3.5,0.53,0.55,0.6,0.703,,2 (robust)
A reversal,QQQ|K3|X3|F0,QQQ,signal=K3; exit=X3; filter=F0,13.3,15.8,0.42,0.52,0.34,0.996,,3 (positive)
A reversal,QQQ|K3|X3|UP,QQQ,signal=K3; exit=X3; filter=UP,8.2,9.7,0.4,0.29,-0.03,1.0,,reject
A reversal,QQQ|K3|X3|DN,QQQ,signal=K3; exit=X3; filter=DN,5.4,6.4,0.28,0.32,0.4,0.99,,3 (positive)
A reversal,QQQ|K4|X1|F0,QQQ,signal=K4; exit=X1; filter=F0,8.8,3.5,0.48,0.26,0.2,1.0,,3 (positive)
A reversal,QQQ|K4|X1|UP,QQQ,signal=K4; exit=X1; filter=UP,4.7,1.9,0.43,0.01,-0.12,1.0,,reject
A reversal,QQQ|K4|X1|DN,QQQ,signal=K4; exit=X1; filter=DN,4.1,1.6,0.29,0.33,0.37,0.987,,3 (positive)
A reversal,QQQ|K4|XU|F0,QQQ,signal=K4; exit=XU; filter=F0,5.3,3.5,0.48,0.27,0.21,1.0,,3 (positive)
A reversal,QQQ|K4|XU|UP,QQQ,signal=K4; exit=XU; filter=UP,3.0,1.9,0.45,-0.07,-0.2,1.0,,reject
A reversal,QQQ|K4|XU|DN,QQQ,signal=K4; exit=XU; filter=DN,2.4,1.6,0.3,0.34,0.37,0.985,,3 (positive)
A reversal,QQQ|K4|X3|F0,QQQ,signal=K4; exit=X3; filter=F0,5.5,6.5,0.33,-0.02,-0.1,1.0,,reject
A reversal,QQQ|K4|X3|UP,QQQ,signal=K4; exit=X3; filter=UP,3.0,3.6,0.28,-0.21,-0.37,1.0,,reject
A reversal,QQQ|K4|X3|DN,QQQ,signal=K4; exit=X3; filter=DN,2.5,3.0,0.24,0.14,0.2,1.0,,3 (positive)
A reversal,QQQ|K5|X1|F0,QQQ,signal=K5; exit=X1; filter=F0,3.5,1.4,0.73,0.45,0.41,0.965,,2 (robust)
A reversal,QQQ|K5|X1|UP,QQQ,signal=K5; exit=X1; filter=UP,1.8,0.7,0.35,0.35,0.28,0.988,,3 (positive)
A reversal,QQQ|K5|X1|DN,QQQ,signal=K5; exit=X1; filter=DN,1.8,0.7,0.64,0.28,0.3,0.999,,3 (positive)
A reversal,QQQ|K5|XU|F0,QQQ,signal=K5; exit=XU; filter=F0,2.3,1.4,0.74,0.46,0.41,0.961,,2 (robust)
A reversal,QQQ|K5|XU|UP,QQQ,signal=K5; exit=XU; filter=UP,1.1,0.7,0.35,0.36,0.29,0.987,,3 (positive)
A reversal,QQQ|K5|XU|DN,QQQ,signal=K5; exit=XU; filter=DN,1.1,0.7,0.65,0.29,0.3,0.999,,3 (positive)
A reversal,QQQ|K5|X3|F0,QQQ,signal=K5; exit=X3; filter=F0,2.4,2.9,0.42,0.27,0.2,1.0,,3 (positive)
A reversal,QQQ|K5|X3|UP,QQQ,signal=K5; exit=X3; filter=UP,1.2,1.4,0.28,0.15,0.04,1.0,,3 (positive)
A reversal,QQQ|K5|X3|DN,QQQ,signal=K5; exit=X3; filter=DN,1.2,1.5,0.34,0.23,0.26,1.0,,3 (positive)
A reversal,QQQ|R5|X1|F0,QQQ,signal=R5; exit=X1; filter=F0,12.3,4.9,0.7,0.64,0.58,0.656,,2 (robust)
A reversal,QQQ|R5|X1|UP,QQQ,signal=R5; exit=X1; filter=UP,6.6,2.6,0.28,0.45,0.31,0.996,,2 (robust)
A reversal,QQQ|R5|X1|DN,QQQ,signal=R5; exit=X1; filter=DN,5.7,2.3,0.64,0.47,0.49,0.942,,2 (robust)
A reversal,QQQ|R5|XU|F0,QQQ,signal=R5; exit=XU; filter=F0,7.5,4.9,0.7,0.65,0.59,0.629,,2 (robust)
A reversal,QQQ|R5|XU|UP,QQQ,signal=R5; exit=XU; filter=UP,4.3,2.8,0.23,0.46,0.33,0.982,,2 (robust)
A reversal,QQQ|R5|XU|DN,QQQ,signal=R5; exit=XU; filter=DN,3.3,2.3,0.65,0.47,0.5,0.938,,2 (robust)
A reversal,QQQ|R5|X3|F0,QQQ,signal=R5; exit=X3; filter=F0,7.7,9.1,0.4,0.44,0.34,0.992,,2 (robust)
A reversal,QQQ|R5|X3|UP,QQQ,signal=R5; exit=X3; filter=UP,4.4,5.2,0.15,0.2,0.02,1.0,,3 (positive)
A reversal,QQQ|R5|X3|DN,QQQ,signal=R5; exit=X3; filter=DN,3.4,4.1,0.36,0.37,0.41,0.969,,2 (robust)
A reversal,QQQ|R10|X1|F0,QQQ,signal=R10; exit=X1; filter=F0,25.0,9.9,0.51,0.72,0.59,0.339,,2 (robust)
A reversal,QQQ|R10|X1|UP,QQQ,signal=R10; exit=X1; filter=UP,14.5,5.7,0.18,0.67,0.42,0.955,,2 (robust)
A reversal,QQQ|R10|X1|DN,QQQ,signal=R10; exit=X1; filter=DN,10.5,4.2,0.49,0.37,0.42,0.875,,2 (robust)
A reversal,QQQ|R10|XU|F0,QQQ,signal=R10; exit=XU; filter=F0,14.5,9.9,0.52,0.73,0.61,0.28,,2 (robust)
A reversal,QQQ|R10|XU|UP,QQQ,signal=R10; exit=XU; filter=UP,8.9,6.1,0.2,0.6,0.37,0.98,,2 (robust)
A reversal,QQQ|R10|XU|DN,QQQ,signal=R10; exit=XU; filter=DN,6.0,4.2,0.49,0.38,0.42,0.863,,2 (robust)
A reversal,QQQ|R10|X3|F0,QQQ,signal=R10; exit=X3; filter=F0,14.5,17.3,0.22,0.51,0.3,0.995,,3 (positive)
A reversal,QQQ|R10|X3|UP,QQQ,signal=R10; exit=X3; filter=UP,9.0,10.7,0.12,0.51,0.17,1.0,,3 (positive)
A reversal,QQQ|R10|X3|DN,QQQ,signal=R10; exit=X3; filter=DN,6.0,7.1,0.19,0.1,0.14,1.0,,3 (positive)
A reversal,QQQ|R20|X1|F0,QQQ,signal=R20; exit=X1; filter=F0,49.0,19.5,0.4,0.99,0.77,0.067,,2 (robust)
A reversal,QQQ|R20|X1|UP,QQQ,signal=R20; exit=X1; filter=UP,30.0,11.9,0.11,0.88,0.5,0.9,,2 (robust)
A reversal,QQQ|R20|X1|DN,QQQ,signal=R20; exit=X1; filter=DN,19.1,7.6,0.4,0.53,0.59,0.447,,2 (robust)
A reversal,QQQ|R20|XU|F0,QQQ,signal=R20; exit=XU; filter=F0,27.8,19.5,0.41,1.02,0.8,0.048,,1 (Romano-Wolf significant)
A reversal,QQQ|R20|XU|UP,QQQ,signal=R20; exit=XU; filter=UP,18.2,12.5,0.18,0.9,0.52,0.778,,2 (robust)
A reversal,QQQ|R20|XU|DN,QQQ,signal=R20; exit=XU; filter=DN,10.4,7.6,0.41,0.54,0.6,0.421,,2 (robust)
A reversal,QQQ|R20|X3|F0,QQQ,signal=R20; exit=X3; filter=F0,27.1,32.2,0.1,0.75,0.43,0.928,,2 (robust)
A reversal,QQQ|R20|X3|UP,QQQ,signal=R20; exit=X3; filter=UP,17.4,20.7,0.08,0.75,0.21,1.0,,3 (positive)
A reversal,QQQ|R20|X3|DN,QQQ,signal=R20; exit=X3; filter=DN,10.4,12.3,0.15,0.26,0.33,0.979,,2 (robust)
A reversal,QQQ|I10|X1|F0,QQQ,signal=I10; exit=X1; filter=F0,26.8,10.6,0.33,0.75,0.58,0.854,,2 (robust)
A reversal,QQQ|I10|X1|UP,QQQ,signal=I10; exit=X1; filter=UP,16.5,6.5,0.19,0.64,0.35,0.996,,2 (robust)
A reversal,QQQ|I10|X1|DN,QQQ,signal=I10; exit=X1; filter=DN,10.3,4.1,0.27,0.43,0.46,0.98,,2 (robust)
A reversal,QQQ|I10|XU|F0,QQQ,signal=I10; exit=XU; filter=F0,22.9,15.5,0.44,1.16,0.96,0.03,,1 (Romano-Wolf significant)
A reversal,QQQ|I10|XU|UP,QQQ,signal=I10; exit=XU; filter=UP,14.5,9.6,0.26,0.99,0.67,0.388,,2 (robust)
A reversal,QQQ|I10|XU|DN,QQQ,signal=I10; exit=XU; filter=DN,8.6,6.1,0.41,0.6,0.64,0.681,,2 (robust)
A reversal,QQQ|I10|X3|F0,QQQ,signal=I10; exit=X3; filter=F0,22.3,26.6,0.52,1.13,0.8,0.09,,2 (robust)
A reversal,QQQ|I10|X3|UP,QQQ,signal=I10; exit=X3; filter=UP,14.2,16.9,0.23,1.08,0.56,0.869,,2 (robust)
A reversal,QQQ|I10|X3|DN,QQQ,signal=I10; exit=X3; filter=DN,8.3,9.9,0.53,0.43,0.47,0.894,,2 (robust)
A reversal,QQQ|I25|X1|F0,QQQ,signal=I25; exit=X1; filter=F0,57.8,22.9,0.57,0.91,0.63,0.68,,2 (robust)
A reversal,QQQ|I25|X1|UP,QQQ,signal=I25; exit=X1; filter=UP,37.1,14.7,0.46,0.77,0.29,0.999,,3 (positive)
A reversal,QQQ|I25|X1|DN,QQQ,signal=I25; exit=X1; filter=DN,20.6,8.2,0.38,0.53,0.59,0.837,,2 (robust)
A reversal,QQQ|I25|XU|F0,QQQ,signal=I25; exit=XU; filter=F0,41.9,29.2,0.44,1.03,0.71,0.261,,2 (robust)
A reversal,QQQ|I25|XU|UP,QQQ,signal=I25; exit=XU; filter=UP,28.7,19.6,0.4,0.9,0.38,0.989,,3 (positive)
A reversal,QQQ|I25|XU|DN,QQQ,signal=I25; exit=XU; filter=DN,14.0,10.3,0.28,0.55,0.63,0.631,,2 (robust)
A reversal,QQQ|I25|X3|F0,QQQ,signal=I25; exit=X3; filter=F0,39.2,46.6,0.4,0.65,0.18,1.0,,3 (positive)
A reversal,QQQ|I25|X3|UP,QQQ,signal=I25; exit=X3; filter=UP,26.6,31.7,0.29,0.7,-0.03,1.0,,reject
A reversal,QQQ|I25|X3|DN,QQQ,signal=I25; exit=X3; filter=DN,13.5,16.0,0.37,0.28,0.34,0.98,,3 (positive)
A reversal,QQQ|L5|X1|F0,QQQ,signal=L5; exit=X1; filter=F0,56.0,22.2,0.21,1.03,0.78,0.106,,2 (robust)
A reversal,QQQ|L5|X1|UP,QQQ,signal=L5; exit=X1; filter=UP,34.7,13.8,0.02,0.8,0.36,0.995,,2 (robust)
A reversal,QQQ|L5|X1|DN,QQQ,signal=L5; exit=X1; filter=DN,21.3,8.4,0.24,0.66,0.72,0.344,,2 (robust)
A reversal,QQQ|L5|XU|F0,QQQ,signal=L5; exit=XU; filter=F0,31.6,22.2,0.23,1.05,0.8,0.076,,2 (robust)
A reversal,QQQ|L5|XU|UP,QQQ,signal=L5; exit=XU; filter=UP,20.9,14.4,0.11,0.84,0.43,0.971,,2 (robust)
A reversal,QQQ|L5|XU|DN,QQQ,signal=L5; exit=XU; filter=DN,11.5,8.4,0.25,0.66,0.73,0.325,,2 (robust)
A reversal,QQQ|L5|X3|F0,QQQ,signal=L5; exit=X3; filter=F0,31.7,37.7,0.06,0.87,0.49,0.837,,2 (robust)
A reversal,QQQ|L5|X3|UP,QQQ,signal=L5; exit=X3; filter=UP,20.4,24.3,-0.02,0.68,0.08,1.0,,3 (positive)
A reversal,QQQ|L5|X3|DN,QQQ,signal=L5; exit=X3; filter=DN,11.8,14.1,0.14,0.42,0.49,0.724,,2 (robust)
A reversal,QQQ|L10|X1|F0,QQQ,signal=L10; exit=X1; filter=F0,35.6,14.1,0.32,0.85,0.71,0.272,,2 (robust)
A reversal,QQQ|L10|X1|UP,QQQ,signal=L10; exit=X1; filter=UP,19.5,7.7,0.02,0.7,0.4,0.979,,2 (robust)
A reversal,QQQ|L10|X1|DN,QQQ,signal=L10; exit=X1; filter=DN,16.1,6.4,0.36,0.53,0.59,0.732,,2 (robust)
A reversal,QQQ|L10|XU|F0,QQQ,signal=L10; exit=XU; filter=F0,19.9,14.1,0.33,0.87,0.73,0.225,,2 (robust)
A reversal,QQQ|L10|XU|UP,QQQ,signal=L10; exit=XU; filter=UP,12.0,8.2,0.09,0.69,0.41,0.966,,2 (robust)
A reversal,QQQ|L10|XU|DN,QQQ,signal=L10; exit=XU; filter=DN,8.5,6.4,0.37,0.54,0.6,0.711,,2 (robust)
A reversal,QQQ|L10|X3|F0,QQQ,signal=L10; exit=X3; filter=F0,20.0,23.8,0.16,0.68,0.47,0.792,,2 (robust)
A reversal,QQQ|L10|X3|UP,QQQ,signal=L10; exit=X3; filter=UP,11.7,14.0,0.21,0.57,0.17,1.0,,3 (positive)
A reversal,QQQ|L10|X3|DN,QQQ,signal=L10; exit=X3; filter=DN,8.8,10.5,0.12,0.32,0.39,0.951,,2 (robust)
A reversal,QQQ|D15|X1|F0,QQQ,signal=D15; exit=X1; filter=F0,17.5,7.0,0.26,0.54,0.37,0.998,,2 (robust)
A reversal,QQQ|D15|X1|UP,QQQ,signal=D15; exit=X1; filter=UP,11.8,4.7,0.07,0.49,0.24,1.0,,3 (positive)
A reversal,QQQ|D15|X1|DN,QQQ,signal=D15; exit=X1; filter=DN,5.7,2.3,0.28,0.27,0.29,1.0,,3 (positive)
A reversal,QQQ|D15|XU|F0,QQQ,signal=D15; exit=XU; filter=F0,15.4,10.8,0.22,0.89,0.71,0.365,,2 (robust)
A reversal,QQQ|D15|XU|UP,QQQ,signal=D15; exit=XU; filter=UP,10.5,7.1,-0.03,0.64,0.36,0.991,,2 (robust)
A reversal,QQQ|D15|XU|DN,QQQ,signal=D15; exit=XU; filter=DN,5.1,3.9,0.31,0.6,0.64,0.824,,2 (robust)
A reversal,QQQ|D15|X3|F0,QQQ,signal=D15; exit=X3; filter=F0,15.0,17.8,0.08,0.43,0.15,1.0,,3 (positive)
A reversal,QQQ|D15|X3|UP,QQQ,signal=D15; exit=X3; filter=UP,10.2,12.2,-0.03,0.57,0.15,1.0,,3 (positive)
A reversal,QQQ|D15|X3|DN,QQQ,signal=D15; exit=X3; filter=DN,4.9,5.9,0.12,0.04,0.07,1.0,,3 (positive)
A reversal,DIA|K2|X1|F0,DIA,signal=K2; exit=X1; filter=F0,49.8,19.8,0.36,0.39,0.18,1.0,,3 (positive)
A reversal,DIA|K2|X1|UP,DIA,signal=K2; exit=X1; filter=UP,34.1,13.5,-0.27,0.05,-0.29,1.0,,reject
A reversal,DIA|K2|X1|DN,DIA,signal=K2; exit=X1; filter=DN,15.7,6.2,0.57,0.47,0.45,0.951,,3 (positive)
A reversal,DIA|K2|XU|F0,DIA,signal=K2; exit=XU; filter=F0,28.1,19.8,0.38,0.43,0.21,1.0,,3 (positive)
A reversal,DIA|K2|XU|UP,DIA,signal=K2; exit=XU; filter=UP,20.0,14.2,-0.07,0.11,-0.22,1.0,,reject
A reversal,DIA|K2|XU|DN,DIA,signal=K2; exit=XU; filter=DN,9.2,6.2,0.58,0.48,0.46,0.942,,3 (positive)
A reversal,DIA|K2|X3|F0,DIA,signal=K2; exit=X3; filter=F0,30.5,36.3,0.28,0.34,0.01,1.0,,3 (positive)
A reversal,DIA|K2|X3|UP,DIA,signal=K2; exit=X3; filter=UP,21.4,25.5,-0.19,-0.11,-0.6,1.0,,reject
A reversal,DIA|K2|X3|DN,DIA,signal=K2; exit=X3; filter=DN,9.9,11.8,0.45,0.53,0.5,0.894,,3 (positive)
A reversal,DIA|K3|X1|F0,DIA,signal=K3; exit=X1; filter=F0,22.0,8.7,0.39,0.42,0.28,0.999,,3 (positive)
A reversal,DIA|K3|X1|UP,DIA,signal=K3; exit=X1; filter=UP,14.3,5.7,-0.14,0.24,0.02,1.0,,3 (positive)
A reversal,DIA|K3|X1|DN,DIA,signal=K3; exit=X1; filter=DN,7.7,3.0,0.51,0.34,0.34,0.979,,3 (positive)
A reversal,DIA|K3|XU|F0,DIA,signal=K3; exit=XU; filter=F0,12.6,8.7,0.41,0.44,0.3,0.996,,3 (positive)
A reversal,DIA|K3|XU|UP,DIA,signal=K3; exit=XU; filter=UP,8.2,5.9,-0.03,0.22,0.02,1.0,,3 (positive)
A reversal,DIA|K3|XU|DN,DIA,signal=K3; exit=XU; filter=DN,4.7,3.0,0.52,0.35,0.34,0.976,,3 (positive)
A reversal,DIA|K3|X3|F0,DIA,signal=K3; exit=X3; filter=F0,13.3,15.9,0.1,0.14,-0.06,1.0,,reject
A reversal,DIA|K3|X3|UP,DIA,signal=K3; exit=X3; filter=UP,8.7,10.4,-0.05,0.2,-0.11,1.0,,reject
A reversal,DIA|K3|X3|DN,DIA,signal=K3; exit=X3; filter=DN,4.9,5.8,0.14,-0.0,-0.02,1.0,,reject
A reversal,DIA|K4|X1|F0,DIA,signal=K4; exit=X1; filter=F0,9.6,3.8,0.23,0.5,0.43,0.951,,2 (robust)
A reversal,DIA|K4|X1|UP,DIA,signal=K4; exit=X1; filter=UP,6.2,2.4,0.01,0.32,0.19,1.0,,3 (positive)
A reversal,DIA|K4|X1|DN,DIA,signal=K4; exit=X1; filter=DN,3.4,1.3,0.25,0.39,0.39,0.975,,2 (robust)
A reversal,DIA|K4|XU|F0,DIA,signal=K4; exit=XU; filter=F0,5.6,3.8,0.24,0.51,0.45,0.938,,2 (robust)
A reversal,DIA|K4|XU|UP,DIA,signal=K4; exit=XU; filter=UP,3.7,2.6,0.15,0.22,0.12,1.0,,3 (positive)
A reversal,DIA|K4|XU|DN,DIA,signal=K4; exit=XU; filter=DN,2.2,1.3,0.25,0.4,0.39,0.975,,2 (robust)
A reversal,DIA|K4|X3|F0,DIA,signal=K4; exit=X3; filter=F0,6.0,7.1,0.1,0.47,0.37,0.979,,3 (positive)
A reversal,DIA|K4|X3|UP,DIA,signal=K4; exit=X3; filter=UP,3.9,4.7,0.1,0.07,-0.09,1.0,,reject
A reversal,DIA|K4|X3|DN,DIA,signal=K4; exit=X3; filter=DN,2.2,2.6,0.07,0.41,0.41,0.975,,3 (positive)
A reversal,DIA|K5|X1|F0,DIA,signal=K5; exit=X1; filter=F0,4.0,1.6,0.18,0.57,0.53,0.649,,2 (robust)
A reversal,DIA|K5|X1|UP,DIA,signal=K5; exit=X1; filter=UP,2.5,1.0,-0.12,0.56,0.49,0.985,,2 (robust)
A reversal,DIA|K5|X1|DN,DIA,signal=K5; exit=X1; filter=DN,1.5,0.6,0.22,0.31,0.31,0.975,,2 (robust)
A reversal,DIA|K5|XU|F0,DIA,signal=K5; exit=XU; filter=F0,2.6,1.6,0.18,0.57,0.53,0.626,,2 (robust)
A reversal,DIA|K5|XU|UP,DIA,signal=K5; exit=XU; filter=UP,1.6,1.1,0.03,0.57,0.5,0.98,,2 (robust)
A reversal,DIA|K5|XU|DN,DIA,signal=K5; exit=XU; filter=DN,1.1,0.6,0.22,0.31,0.31,0.973,,2 (robust)
A reversal,DIA|K5|X3|F0,DIA,signal=K5; exit=X3; filter=F0,2.7,3.2,0.01,0.59,0.52,0.87,,2 (robust)
A reversal,DIA|K5|X3|UP,DIA,signal=K5; exit=X3; filter=UP,1.7,2.0,-0.1,0.45,0.31,0.999,,2 (robust)
A reversal,DIA|K5|X3|DN,DIA,signal=K5; exit=X3; filter=DN,1.1,1.3,0.06,0.41,0.41,0.975,,2 (robust)
A reversal,DIA|R5|X1|F0,DIA,signal=R5; exit=X1; filter=F0,12.8,5.1,0.42,0.28,0.19,1.0,,3 (positive)
A reversal,DIA|R5|X1|UP,DIA,signal=R5; exit=X1; filter=UP,7.5,3.0,0.18,0.16,0.02,1.0,,3 (positive)
A reversal,DIA|R5|X1|DN,DIA,signal=R5; exit=X1; filter=DN,5.3,2.1,0.38,0.23,0.22,0.999,,3 (positive)
A reversal,DIA|R5|XU|F0,DIA,signal=R5; exit=XU; filter=F0,7.4,5.1,0.44,0.29,0.2,1.0,,3 (positive)
A reversal,DIA|R5|XU|UP,DIA,signal=R5; exit=XU; filter=UP,4.7,3.2,0.31,0.15,0.03,1.0,,3 (positive)
A reversal,DIA|R5|XU|DN,DIA,signal=R5; exit=XU; filter=DN,3.1,2.1,0.39,0.23,0.22,0.999,,3 (positive)
A reversal,DIA|R5|X3|F0,DIA,signal=R5; exit=X3; filter=F0,7.8,9.3,0.23,0.23,0.08,1.0,,3 (positive)
A reversal,DIA|R5|X3|UP,DIA,signal=R5; exit=X3; filter=UP,4.9,5.8,0.25,-0.03,-0.22,1.0,,reject
A reversal,DIA|R5|X3|DN,DIA,signal=R5; exit=X3; filter=DN,3.1,3.7,0.19,0.35,0.34,0.995,,3 (positive)
A reversal,DIA|R10|X1|F0,DIA,signal=R10; exit=X1; filter=F0,24.7,9.8,0.39,0.39,0.26,0.999,,3 (positive)
A reversal,DIA|R10|X1|UP,DIA,signal=R10; exit=X1; filter=UP,14.9,5.9,-0.0,0.27,0.07,1.0,,3 (positive)
A reversal,DIA|R10|X1|DN,DIA,signal=R10; exit=X1; filter=DN,9.8,3.9,0.43,0.29,0.27,0.999,,3 (positive)
A reversal,DIA|R10|XU|F0,DIA,signal=R10; exit=XU; filter=F0,14.6,9.8,0.4,0.41,0.28,0.999,,3 (positive)
A reversal,DIA|R10|XU|UP,DIA,signal=R10; exit=XU; filter=UP,9.1,6.2,0.12,0.21,0.02,1.0,,3 (positive)
A reversal,DIA|R10|XU|DN,DIA,signal=R10; exit=XU; filter=DN,5.9,3.9,0.44,0.29,0.28,0.999,,3 (positive)
A reversal,DIA|R10|X3|F0,DIA,signal=R10; exit=X3; filter=F0,14.7,17.5,0.17,0.17,-0.02,1.0,,reject
A reversal,DIA|R10|X3|UP,DIA,signal=R10; exit=X3; filter=UP,9.3,11.0,0.05,0.26,-0.03,1.0,,reject
A reversal,DIA|R10|X3|DN,DIA,signal=R10; exit=X3; filter=DN,5.7,6.8,0.18,0.04,0.02,1.0,,3 (positive)
A reversal,DIA|R20|X1|F0,DIA,signal=R20; exit=X1; filter=F0,47.8,18.9,0.33,0.53,0.33,0.996,,3 (positive)
A reversal,DIA|R20|X1|UP,DIA,signal=R20; exit=X1; filter=UP,29.7,11.8,-0.38,0.22,-0.09,1.0,,reject
A reversal,DIA|R20|X1|DN,DIA,signal=R20; exit=X1; filter=DN,18.1,7.2,0.57,0.5,0.49,0.949,,3 (positive)
A reversal,DIA|R20|XU|F0,DIA,signal=R20; exit=XU; filter=F0,27.4,18.9,0.35,0.56,0.36,0.994,,3 (positive)
A reversal,DIA|R20|XU|UP,DIA,signal=R20; exit=XU; filter=UP,17.9,12.5,-0.2,0.23,-0.07,1.0,,reject
A reversal,DIA|R20|XU|DN,DIA,signal=R20; exit=XU; filter=DN,10.7,7.2,0.58,0.52,0.5,0.939,,3 (positive)
A reversal,DIA|R20|X3|F0,DIA,signal=R20; exit=X3; filter=F0,26.7,31.8,0.33,0.44,0.17,1.0,,3 (positive)
A reversal,DIA|R20|X3|UP,DIA,signal=R20; exit=X3; filter=UP,17.4,20.7,-0.29,0.29,-0.13,1.0,,reject
A reversal,DIA|R20|X3|DN,DIA,signal=R20; exit=X3; filter=DN,10.0,12.0,0.46,0.35,0.33,0.979,,3 (positive)
A reversal,DIA|I10|X1|F0,DIA,signal=I10; exit=X1; filter=F0,27.1,10.8,0.57,0.4,0.23,1.0,,3 (positive)
A reversal,DIA|I10|X1|UP,DIA,signal=I10; exit=X1; filter=UP,17.4,6.9,0.02,0.28,0.05,1.0,,3 (positive)
A reversal,DIA|I10|X1|DN,DIA,signal=I10; exit=X1; filter=DN,9.7,3.9,0.62,0.28,0.26,1.0,,3 (positive)
A reversal,DIA|I10|XU|F0,DIA,signal=I10; exit=XU; filter=F0,22.7,15.3,0.55,0.65,0.47,0.958,,2 (robust)
A reversal,DIA|I10|XU|UP,DIA,signal=I10; exit=XU; filter=UP,15.0,10.3,0.07,0.44,0.18,1.0,,3 (positive)
A reversal,DIA|I10|XU|DN,DIA,signal=I10; exit=XU; filter=DN,8.3,5.3,0.64,0.53,0.51,0.956,,2 (robust)
A reversal,DIA|I10|X3|F0,DIA,signal=I10; exit=X3; filter=F0,22.0,26.2,0.28,0.57,0.29,0.999,,3 (positive)
A reversal,DIA|I10|X3|UP,DIA,signal=I10; exit=X3; filter=UP,14.6,17.4,-0.14,0.41,-0.0,1.0,,reject
A reversal,DIA|I10|X3|DN,DIA,signal=I10; exit=X3; filter=DN,7.9,9.4,0.42,0.45,0.42,0.959,,3 (positive)
A reversal,DIA|I25|X1|F0,DIA,signal=I25; exit=X1; filter=F0,57.0,22.6,0.55,0.42,0.17,1.0,,3 (positive)
A reversal,DIA|I25|X1|UP,DIA,signal=I25; exit=X1; filter=UP,38.2,15.2,0.11,0.08,-0.28,1.0,,reject
A reversal,DIA|I25|X1|DN,DIA,signal=I25; exit=X1; filter=DN,18.8,7.5,0.57,0.48,0.46,0.862,,3 (positive)
A reversal,DIA|I25|XU|F0,DIA,signal=I25; exit=XU; filter=F0,41.5,28.9,0.44,0.6,0.33,0.996,,3 (positive)
A reversal,DIA|I25|XU|UP,DIA,signal=I25; exit=XU; filter=UP,28.9,20.5,0.05,0.18,-0.21,1.0,,reject
A reversal,DIA|I25|XU|DN,DIA,signal=I25; exit=XU; filter=DN,14.1,9.3,0.61,0.67,0.65,0.387,,3 (positive)
A reversal,DIA|I25|X3|F0,DIA,signal=I25; exit=X3; filter=F0,38.7,46.1,0.38,0.43,0.05,1.0,,3 (positive)
A reversal,DIA|I25|X3|UP,DIA,signal=I25; exit=X3; filter=UP,27.0,32.1,0.18,0.14,-0.4,1.0,,reject
A reversal,DIA|I25|X3|DN,DIA,signal=I25; exit=X3; filter=DN,13.1,15.5,0.4,0.51,0.47,0.717,,3 (positive)
A reversal,DIA|L5|X1|F0,DIA,signal=L5; exit=X1; filter=F0,55.1,21.9,0.35,0.35,0.13,1.0,,3 (positive)
A reversal,DIA|L5|X1|UP,DIA,signal=L5; exit=X1; filter=UP,35.7,14.2,-0.36,0.18,-0.16,1.0,,reject
A reversal,DIA|L5|X1|DN,DIA,signal=L5; exit=X1; filter=DN,19.4,7.7,0.59,0.3,0.29,0.993,,3 (positive)
A reversal,DIA|L5|XU|F0,DIA,signal=L5; exit=XU; filter=F0,31.6,21.9,0.38,0.38,0.17,1.0,,3 (positive)
A reversal,DIA|L5|XU|UP,DIA,signal=L5; exit=XU; filter=UP,21.4,14.9,-0.14,0.22,-0.11,1.0,,reject
A reversal,DIA|L5|XU|DN,DIA,signal=L5; exit=XU; filter=DN,11.4,7.7,0.6,0.31,0.3,0.988,,3 (positive)
A reversal,DIA|L5|X3|F0,DIA,signal=L5; exit=X3; filter=F0,31.1,37.1,0.34,0.47,0.16,1.0,,3 (positive)
A reversal,DIA|L5|X3|UP,DIA,signal=L5; exit=X3; filter=UP,20.9,24.9,-0.1,0.24,-0.23,1.0,,reject
A reversal,DIA|L5|X3|DN,DIA,signal=L5; exit=X3; filter=DN,11.0,13.0,0.44,0.33,0.31,0.995,,3 (positive)
A reversal,DIA|L10|X1|F0,DIA,signal=L10; exit=X1; filter=F0,33.8,13.4,0.43,0.39,0.25,0.999,,3 (positive)
A reversal,DIA|L10|X1|UP,DIA,signal=L10; exit=X1; filter=UP,19.3,7.7,-0.19,0.32,0.09,1.0,,3 (positive)
A reversal,DIA|L10|X1|DN,DIA,signal=L10; exit=X1; filter=DN,14.5,5.8,0.56,0.25,0.24,0.999,,3 (positive)
A reversal,DIA|L10|XU|F0,DIA,signal=L10; exit=XU; filter=F0,19.6,13.4,0.45,0.41,0.28,0.998,,3 (positive)
A reversal,DIA|L10|XU|UP,DIA,signal=L10; exit=XU; filter=UP,11.7,8.1,-0.06,0.3,0.08,1.0,,3 (positive)
A reversal,DIA|L10|XU|DN,DIA,signal=L10; exit=XU; filter=DN,8.7,5.8,0.57,0.26,0.25,0.999,,3 (positive)
A reversal,DIA|L10|X3|F0,DIA,signal=L10; exit=X3; filter=F0,19.3,23.0,0.35,0.39,0.19,1.0,,3 (positive)
A reversal,DIA|L10|X3|UP,DIA,signal=L10; exit=X3; filter=UP,11.5,13.7,0.11,0.35,0.02,1.0,,3 (positive)
A reversal,DIA|L10|X3|DN,DIA,signal=L10; exit=X3; filter=DN,8.3,9.8,0.37,0.19,0.18,1.0,,3 (positive)
A reversal,DIA|D15|X1|F0,DIA,signal=D15; exit=X1; filter=F0,17.2,6.8,0.19,0.15,0.04,1.0,,3 (positive)
A reversal,DIA|D15|X1|UP,DIA,signal=D15; exit=X1; filter=UP,11.2,4.4,-0.07,0.05,-0.13,1.0,,reject
A reversal,DIA|D15|X1|DN,DIA,signal=D15; exit=X1; filter=DN,6.0,2.4,0.27,0.15,0.14,1.0,,3 (positive)
A reversal,DIA|D15|XU|F0,DIA,signal=D15; exit=XU; filter=F0,14.9,10.3,0.39,0.34,0.21,0.999,,3 (positive)
A reversal,DIA|D15|XU|UP,DIA,signal=D15; exit=XU; filter=UP,9.8,6.9,-0.04,0.21,0.02,1.0,,3 (positive)
A reversal,DIA|D15|XU|DN,DIA,signal=D15; exit=XU; filter=DN,5.4,3.5,0.47,0.33,0.32,0.98,,2 (robust)
A reversal,DIA|D15|X3|F0,DIA,signal=D15; exit=X3; filter=F0,14.4,17.1,0.07,0.22,0.02,1.0,,3 (positive)
A reversal,DIA|D15|X3|UP,DIA,signal=D15; exit=X3; filter=UP,9.5,11.3,0.06,0.21,-0.08,1.0,,reject
A reversal,DIA|D15|X3|DN,DIA,signal=D15; exit=X3; filter=DN,5.0,5.9,0.03,0.12,0.1,1.0,,3 (positive)
A reversal,IWM|K2|X1|F0,IWM,signal=K2; exit=X1; filter=F0,51.4,20.4,0.16,0.56,0.4,0.979,,3 (positive)
A reversal,IWM|K2|X1|UP,IWM,signal=K2; exit=X1; filter=UP,31.5,12.5,0.09,0.59,0.34,0.996,,3 (positive)
A reversal,IWM|K2|X1|DN,IWM,signal=K2; exit=X1; filter=DN,19.9,7.9,0.13,0.25,0.23,1.0,,3 (positive)
A reversal,IWM|K2|XU|F0,IWM,signal=K2; exit=XU; filter=F0,29.2,20.4,0.17,0.59,0.43,0.963,,3 (positive)
A reversal,IWM|K2|XU|UP,IWM,signal=K2; exit=XU; filter=UP,19.2,13.1,0.21,0.7,0.45,0.964,,3 (positive)
A reversal,IWM|K2|XU|DN,IWM,signal=K2; exit=XU; filter=DN,10.9,7.9,0.14,0.26,0.25,0.999,,3 (positive)
A reversal,IWM|K2|X3|F0,IWM,signal=K2; exit=X3; filter=F0,31.7,37.7,0.09,0.13,-0.11,1.0,,reject
A reversal,IWM|K2|X3|UP,IWM,signal=K2; exit=X3; filter=UP,20.5,24.4,-0.04,0.16,-0.19,1.0,,reject
A reversal,IWM|K2|X3|DN,IWM,signal=K2; exit=X3; filter=DN,11.8,14.1,0.16,0.13,0.1,1.0,,3 (positive)
A reversal,IWM|K3|X1|F0,IWM,signal=K3; exit=X1; filter=F0,22.5,8.9,0.26,0.52,0.43,0.955,,2 (robust)
A reversal,IWM|K3|X1|UP,IWM,signal=K3; exit=X1; filter=UP,12.3,4.9,0.35,0.42,0.26,1.0,,3 (positive)
A reversal,IWM|K3|X1|DN,IWM,signal=K3; exit=X1; filter=DN,10.2,4.0,0.12,0.34,0.35,0.987,,2 (robust)
A reversal,IWM|K3|XU|F0,IWM,signal=K3; exit=XU; filter=F0,13.0,8.9,0.27,0.54,0.45,0.935,,2 (robust)
A reversal,IWM|K3|XU|UP,IWM,signal=K3; exit=XU; filter=UP,7.7,5.2,0.38,0.41,0.26,0.999,,3 (positive)
A reversal,IWM|K3|XU|DN,IWM,signal=K3; exit=XU; filter=DN,5.7,4.0,0.13,0.36,0.36,0.983,,2 (robust)
A reversal,IWM|K3|X3|F0,IWM,signal=K3; exit=X3; filter=F0,14.0,16.7,0.19,0.34,0.2,1.0,,3 (positive)
A reversal,IWM|K3|X3|UP,IWM,signal=K3; exit=X3; filter=UP,8.0,9.5,0.29,0.18,-0.04,1.0,,reject
A reversal,IWM|K3|X3|DN,IWM,signal=K3; exit=X3; filter=DN,6.2,7.4,0.07,0.22,0.2,1.0,,3 (positive)
A reversal,IWM|K4|X1|F0,IWM,signal=K4; exit=X1; filter=F0,9.6,3.8,0.16,0.19,0.15,1.0,,3 (positive)
A reversal,IWM|K4|X1|UP,IWM,signal=K4; exit=X1; filter=UP,4.6,1.8,0.37,0.06,-0.03,1.0,,reject
A reversal,IWM|K4|X1|DN,IWM,signal=K4; exit=X1; filter=DN,5.0,2.0,0.03,0.19,0.2,1.0,,3 (positive)
A reversal,IWM|K4|XU|F0,IWM,signal=K4; exit=XU; filter=F0,5.5,3.8,0.17,0.2,0.17,1.0,,3 (positive)
A reversal,IWM|K4|XU|UP,IWM,signal=K4; exit=XU; filter=UP,3.0,2.0,0.31,0.12,0.03,1.0,,3 (positive)
A reversal,IWM|K4|XU|DN,IWM,signal=K4; exit=XU; filter=DN,2.7,2.0,0.03,0.19,0.2,1.0,,3 (positive)
A reversal,IWM|K4|X3|F0,IWM,signal=K4; exit=X3; filter=F0,5.8,6.9,0.11,0.31,0.25,0.999,,3 (positive)
A reversal,IWM|K4|X3|UP,IWM,signal=K4; exit=X3; filter=UP,3.0,3.5,0.28,0.19,0.07,1.0,,3 (positive)
A reversal,IWM|K4|X3|DN,IWM,signal=K4; exit=X3; filter=DN,3.0,3.5,-0.01,0.31,0.32,0.996,,2 (robust)
A reversal,IWM|K5|X1|F0,IWM,signal=K5; exit=X1; filter=F0,4.2,1.7,0.11,0.47,0.46,0.798,,2 (robust)
A reversal,IWM|K5|X1|UP,IWM,signal=K5; exit=X1; filter=UP,1.6,0.6,0.36,0.65,0.6,0.664,,2 (robust)
A reversal,IWM|K5|X1|DN,IWM,signal=K5; exit=X1; filter=DN,2.6,1.0,0.03,0.17,0.18,1.0,,3 (positive)
A reversal,IWM|K5|XU|F0,IWM,signal=K5; exit=XU; filter=F0,2.7,1.7,0.11,0.48,0.47,0.765,,2 (robust)
A reversal,IWM|K5|XU|UP,IWM,signal=K5; exit=XU; filter=UP,1.3,0.7,0.26,0.7,0.65,0.439,,2 (robust)
A reversal,IWM|K5|XU|DN,IWM,signal=K5; exit=XU; filter=DN,1.5,1.0,0.04,0.17,0.19,1.0,,3 (positive)
A reversal,IWM|K5|X3|F0,IWM,signal=K5; exit=X3; filter=F0,2.7,3.3,0.09,0.34,0.31,0.996,,2 (robust)
A reversal,IWM|K5|X3|UP,IWM,signal=K5; exit=X3; filter=UP,1.3,1.6,0.27,0.7,0.62,0.797,,2 (robust)
A reversal,IWM|K5|X3|DN,IWM,signal=K5; exit=X3; filter=DN,1.5,1.8,-0.05,0.02,0.04,1.0,,3 (positive)
A reversal,IWM|R5|X1|F0,IWM,signal=R5; exit=X1; filter=F0,12.1,4.8,0.29,0.51,0.45,0.916,,2 (robust)
A reversal,IWM|R5|X1|UP,IWM,signal=R5; exit=X1; filter=UP,5.6,2.2,0.32,0.59,0.49,0.951,,2 (robust)
A reversal,IWM|R5|X1|DN,IWM,signal=R5; exit=X1; filter=DN,6.5,2.6,0.19,0.21,0.2,1.0,,3 (positive)
A reversal,IWM|R5|XU|F0,IWM,signal=R5; exit=XU; filter=F0,7.3,4.8,0.3,0.52,0.46,0.892,,2 (robust)
A reversal,IWM|R5|XU|UP,IWM,signal=R5; exit=XU; filter=UP,4.0,2.5,0.32,0.56,0.46,0.959,,2 (robust)
A reversal,IWM|R5|XU|DN,IWM,signal=R5; exit=XU; filter=DN,3.7,2.6,0.2,0.22,0.21,0.999,,3 (positive)
A reversal,IWM|R5|X3|F0,IWM,signal=R5; exit=X3; filter=F0,7.6,9.0,0.3,0.2,0.1,1.0,,3 (positive)
A reversal,IWM|R5|X3|UP,IWM,signal=R5; exit=X3; filter=UP,4.0,4.8,0.43,0.66,0.51,0.959,,3 (positive)
A reversal,IWM|R5|X3|DN,IWM,signal=R5; exit=X3; filter=DN,3.8,4.5,0.14,-0.19,-0.2,1.0,,reject
A reversal,IWM|R10|X1|F0,IWM,signal=R10; exit=X1; filter=F0,25.4,10.1,0.33,0.58,0.48,0.918,,2 (robust)
A reversal,IWM|R10|X1|UP,IWM,signal=R10; exit=X1; filter=UP,13.4,5.3,0.26,0.48,0.33,0.996,,2 (robust)
A reversal,IWM|R10|X1|DN,IWM,signal=R10; exit=X1; filter=DN,12.0,4.8,0.24,0.36,0.36,0.993,,2 (robust)
A reversal,IWM|R10|XU|F0,IWM,signal=R10; exit=XU; filter=F0,14.4,10.1,0.34,0.6,0.5,0.877,,2 (robust)
A reversal,IWM|R10|XU|UP,IWM,signal=R10; exit=XU; filter=UP,8.4,5.6,0.31,0.47,0.32,0.996,,2 (robust)
A reversal,IWM|R10|XU|DN,IWM,signal=R10; exit=XU; filter=DN,6.5,4.8,0.25,0.39,0.39,0.985,,2 (robust)
A reversal,IWM|R10|X3|F0,IWM,signal=R10; exit=X3; filter=F0,14.8,17.6,0.28,0.44,0.31,0.999,,2 (robust)
A reversal,IWM|R10|X3|UP,IWM,signal=R10; exit=X3; filter=UP,8.5,10.1,0.39,0.38,0.17,1.0,,3 (positive)
A reversal,IWM|R10|X3|DN,IWM,signal=R10; exit=X3; filter=DN,6.8,8.1,0.1,0.27,0.25,1.0,,3 (positive)
A reversal,IWM|R20|X1|F0,IWM,signal=R20; exit=X1; filter=F0,48.5,19.2,0.33,0.45,0.31,0.997,,3 (positive)
A reversal,IWM|R20|X1|UP,IWM,signal=R20; exit=X1; filter=UP,28.2,11.2,0.12,0.47,0.24,1.0,,3 (positive)
A reversal,IWM|R20|X1|DN,IWM,signal=R20; exit=X1; filter=DN,20.3,8.1,0.31,0.22,0.21,1.0,,3 (positive)
A reversal,IWM|R20|XU|F0,IWM,signal=R20; exit=XU; filter=F0,27.3,19.2,0.35,0.48,0.33,0.995,,3 (positive)
A reversal,IWM|R20|XU|UP,IWM,signal=R20; exit=XU; filter=UP,17.1,11.8,0.14,0.6,0.37,0.989,,2 (robust)
A reversal,IWM|R20|XU|DN,IWM,signal=R20; exit=XU; filter=DN,11.1,8.1,0.32,0.25,0.23,0.999,,3 (positive)
A reversal,IWM|R20|X3|F0,IWM,signal=R20; exit=X3; filter=F0,26.8,31.9,0.29,0.15,-0.06,1.0,,reject
A reversal,IWM|R20|X3|UP,IWM,signal=R20; exit=X3; filter=UP,16.6,19.8,0.17,0.37,0.05,1.0,,3 (positive)
A reversal,IWM|R20|X3|DN,IWM,signal=R20; exit=X3; filter=DN,10.9,12.9,0.17,0.02,-0.01,1.0,,reject
A reversal,IWM|I10|X1|F0,IWM,signal=I10; exit=X1; filter=F0,28.1,11.1,0.58,0.63,0.51,0.926,,2 (robust)
A reversal,IWM|I10|X1|UP,IWM,signal=I10; exit=X1; filter=UP,16.2,6.4,0.07,0.62,0.45,0.968,,2 (robust)
A reversal,IWM|I10|X1|DN,IWM,signal=I10; exit=X1; filter=DN,11.9,4.7,0.62,0.33,0.31,0.999,,2 (robust)
A reversal,IWM|I10|XU|F0,IWM,signal=I10; exit=XU; filter=F0,23.1,16.4,0.44,0.76,0.62,0.558,,2 (robust)
A reversal,IWM|I10|XU|UP,IWM,signal=I10; exit=XU; filter=UP,13.6,9.6,0.12,0.77,0.57,0.555,,2 (robust)
A reversal,IWM|I10|XU|DN,IWM,signal=I10; exit=XU; filter=DN,9.9,7.0,0.44,0.36,0.35,0.996,,2 (robust)
A reversal,IWM|I10|X3|F0,IWM,signal=I10; exit=X3; filter=F0,22.4,26.7,0.55,0.65,0.46,0.972,,2 (robust)
A reversal,IWM|I10|X3|UP,IWM,signal=I10; exit=X3; filter=UP,13.3,15.8,0.2,0.74,0.46,0.942,,2 (robust)
A reversal,IWM|I10|X3|DN,IWM,signal=I10; exit=X3; filter=DN,9.6,11.4,0.54,0.25,0.22,1.0,,3 (positive)
A reversal,IWM|I25|X1|F0,IWM,signal=I25; exit=X1; filter=F0,60.7,24.1,0.6,0.55,0.35,0.994,,2 (robust)
A reversal,IWM|I25|X1|UP,IWM,signal=I25; exit=X1; filter=UP,37.1,14.7,0.0,0.51,0.22,1.0,,3 (positive)
A reversal,IWM|I25|X1|DN,IWM,signal=I25; exit=X1; filter=DN,23.5,9.3,0.71,0.29,0.27,0.999,,3 (positive)
A reversal,IWM|I25|XU|F0,IWM,signal=I25; exit=XU; filter=F0,42.6,30.9,0.42,0.55,0.33,0.996,,2 (robust)
A reversal,IWM|I25|XU|UP,IWM,signal=I25; exit=XU; filter=UP,27.0,19.6,0.12,0.5,0.18,1.0,,3 (positive)
A reversal,IWM|I25|XU|DN,IWM,signal=I25; exit=XU; filter=DN,16.7,11.9,0.48,0.35,0.33,0.995,,2 (robust)
A reversal,IWM|I25|X3|F0,IWM,signal=I25; exit=X3; filter=F0,40.3,48.0,0.45,0.45,0.15,1.0,,3 (positive)
A reversal,IWM|I25|X3|UP,IWM,signal=I25; exit=X3; filter=UP,25.4,30.2,0.12,0.16,-0.25,1.0,,reject
A reversal,IWM|I25|X3|DN,IWM,signal=I25; exit=X3; filter=DN,15.6,18.6,0.48,0.45,0.4,0.986,,3 (positive)
A reversal,IWM|L5|X1|F0,IWM,signal=L5; exit=X1; filter=F0,57.5,22.8,0.27,0.56,0.39,0.993,,3 (positive)
A reversal,IWM|L5|X1|UP,IWM,signal=L5; exit=X1; filter=UP,34.4,13.7,-0.04,0.36,0.11,1.0,,3 (positive)
A reversal,IWM|L5|X1|DN,IWM,signal=L5; exit=X1; filter=DN,23.1,9.2,0.34,0.42,0.4,0.985,,2 (robust)
A reversal,IWM|L5|XU|F0,IWM,signal=L5; exit=XU; filter=F0,32.4,22.8,0.29,0.59,0.42,0.984,,3 (positive)
A reversal,IWM|L5|XU|UP,IWM,signal=L5; exit=XU; filter=UP,20.7,14.4,0.06,0.5,0.24,1.0,,3 (positive)
A reversal,IWM|L5|XU|DN,IWM,signal=L5; exit=XU; filter=DN,12.9,9.2,0.35,0.45,0.43,0.975,,2 (robust)
A reversal,IWM|L5|X3|F0,IWM,signal=L5; exit=X3; filter=F0,32.1,38.2,0.15,0.22,-0.02,1.0,,reject
A reversal,IWM|L5|X3|UP,IWM,signal=L5; exit=X3; filter=UP,20.3,24.1,0.03,0.4,0.05,1.0,,3 (positive)
A reversal,IWM|L5|X3|DN,IWM,signal=L5; exit=X3; filter=DN,12.8,15.3,0.21,0.13,0.09,1.0,,3 (positive)
A reversal,IWM|L10|X1|F0,IWM,signal=L10; exit=X1; filter=F0,35.5,14.1,0.22,0.39,0.27,0.999,,3 (positive)
A reversal,IWM|L10|X1|UP,IWM,signal=L10; exit=X1; filter=UP,19.3,7.7,0.19,0.49,0.31,0.998,,2 (robust)
A reversal,IWM|L10|X1|DN,IWM,signal=L10; exit=X1; filter=DN,16.2,6.4,0.15,0.14,0.12,1.0,,3 (positive)
A reversal,IWM|L10|XU|F0,IWM,signal=L10; exit=XU; filter=F0,20.3,14.1,0.24,0.41,0.29,0.999,,3 (positive)
A reversal,IWM|L10|XU|UP,IWM,signal=L10; exit=XU; filter=UP,12.4,8.2,0.18,0.56,0.37,0.989,,2 (robust)
A reversal,IWM|L10|XU|DN,IWM,signal=L10; exit=XU; filter=DN,8.7,6.4,0.16,0.16,0.14,1.0,,3 (positive)
A reversal,IWM|L10|X3|F0,IWM,signal=L10; exit=X3; filter=F0,19.8,23.6,0.18,0.2,0.03,1.0,,3 (positive)
A reversal,IWM|L10|X3|UP,IWM,signal=L10; exit=X3; filter=UP,11.9,14.1,0.19,0.3,0.05,1.0,,3 (positive)
A reversal,IWM|L10|X3|DN,IWM,signal=L10; exit=X3; filter=DN,8.8,10.4,0.11,0.16,0.12,1.0,,3 (positive)
A reversal,IWM|D15|X1|F0,IWM,signal=D15; exit=X1; filter=F0,16.8,6.7,0.3,-0.02,-0.11,1.0,,reject
A reversal,IWM|D15|X1|UP,IWM,signal=D15; exit=X1; filter=UP,10.3,4.1,-0.08,0.19,0.07,1.0,,3 (positive)
A reversal,IWM|D15|X1|DN,IWM,signal=D15; exit=X1; filter=DN,6.5,2.6,0.4,-0.18,-0.21,1.0,,reject
A reversal,IWM|D15|XU|F0,IWM,signal=D15; exit=XU; filter=F0,14.3,10.4,0.21,0.06,-0.05,1.0,,reject
A reversal,IWM|D15|XU|UP,IWM,signal=D15; exit=XU; filter=UP,8.9,6.3,-0.03,0.16,0.01,1.0,,3 (positive)
A reversal,IWM|D15|XU|DN,IWM,signal=D15; exit=XU; filter=DN,5.7,4.3,0.25,-0.03,-0.05,1.0,,reject
A reversal,IWM|D15|X3|F0,IWM,signal=D15; exit=X3; filter=F0,14.2,16.9,0.14,-0.11,-0.27,1.0,,reject
A reversal,IWM|D15|X3|UP,IWM,signal=D15; exit=X3; filter=UP,8.8,10.4,0.15,0.28,0.08,1.0,,3 (positive)
A reversal,IWM|D15|X3|DN,IWM,signal=D15; exit=X3; filter=DN,5.6,6.7,0.1,-0.27,-0.32,1.0,,reject
A reversal,^GDAXI|K2|X1|F0,^GDAXI,signal=K2; exit=X1; filter=F0,51.5,20.4,0.14,0.02,-0.15,1.0,,reject
A reversal,^GDAXI|K2|X1|UP,^GDAXI,signal=K2; exit=X1; filter=UP,32.2,12.8,0.02,0.11,-0.16,1.0,,reject
A reversal,^GDAXI|K2|X1|DN,^GDAXI,signal=K2; exit=X1; filter=DN,19.3,7.7,0.15,-0.07,-0.06,1.0,,reject
A reversal,^GDAXI|K2|XU|F0,^GDAXI,signal=K2; exit=XU; filter=F0,29.1,20.4,0.17,0.05,-0.11,1.0,,reject
A reversal,^GDAXI|K2|XU|UP,^GDAXI,signal=K2; exit=XU; filter=UP,19.5,13.5,0.02,0.05,-0.22,1.0,,reject
A reversal,^GDAXI|K2|XU|DN,^GDAXI,signal=K2; exit=XU; filter=DN,10.5,7.7,0.16,-0.06,-0.04,1.0,,reject
A reversal,^GDAXI|K2|X3|F0,^GDAXI,signal=K2; exit=X3; filter=F0,31.4,37.4,0.2,0.1,-0.16,1.0,,reject
A reversal,^GDAXI|K2|X3|UP,^GDAXI,signal=K2; exit=X3; filter=UP,20.7,24.7,0.19,0.06,-0.32,1.0,,reject
A reversal,^GDAXI|K2|X3|DN,^GDAXI,signal=K2; exit=X3; filter=DN,11.3,13.5,0.16,0.01,0.02,1.0,,3 (positive)
A reversal,^GDAXI|K3|X1|F0,^GDAXI,signal=K3; exit=X1; filter=F0,22.8,9.1,0.3,0.11,0.02,1.0,,3 (positive)
A reversal,^GDAXI|K3|X1|UP,^GDAXI,signal=K3; exit=X1; filter=UP,12.8,5.1,0.24,0.33,0.16,1.0,,3 (positive)
A reversal,^GDAXI|K3|X1|DN,^GDAXI,signal=K3; exit=X1; filter=DN,10.0,4.0,0.22,-0.09,-0.08,1.0,,reject
A reversal,^GDAXI|K3|XU|F0,^GDAXI,signal=K3; exit=XU; filter=F0,13.1,9.1,0.32,0.13,0.04,1.0,,3 (positive)
A reversal,^GDAXI|K3|XU|UP,^GDAXI,signal=K3; exit=XU; filter=UP,8.0,5.4,0.21,0.33,0.16,1.0,,3 (positive)
A reversal,^GDAXI|K3|XU|DN,^GDAXI,signal=K3; exit=XU; filter=DN,5.4,4.0,0.22,-0.08,-0.07,1.0,,reject
A reversal,^GDAXI|K3|X3|F0,^GDAXI,signal=K3; exit=X3; filter=F0,14.0,16.7,0.46,0.17,0.03,1.0,,3 (positive)
A reversal,^GDAXI|K3|X3|UP,^GDAXI,signal=K3; exit=X3; filter=UP,8.3,9.9,0.67,0.48,0.23,1.0,,3 (positive)
A reversal,^GDAXI|K3|X3|DN,^GDAXI,signal=K3; exit=X3; filter=DN,5.9,7.1,0.17,-0.1,-0.1,1.0,,reject
A reversal,^GDAXI|K4|X1|F0,^GDAXI,signal=K4; exit=X1; filter=F0,9.9,3.9,0.13,0.14,0.1,1.0,,3 (positive)
A reversal,^GDAXI|K4|X1|UP,^GDAXI,signal=K4; exit=X1; filter=UP,4.8,1.9,0.04,0.46,0.36,0.995,,3 (positive)
A reversal,^GDAXI|K4|X1|DN,^GDAXI,signal=K4; exit=X1; filter=DN,5.1,2.0,0.12,-0.06,-0.05,1.0,,reject
A reversal,^GDAXI|K4|XU|F0,^GDAXI,signal=K4; exit=XU; filter=F0,5.7,3.9,0.13,0.15,0.11,1.0,,3 (positive)
A reversal,^GDAXI|K4|XU|UP,^GDAXI,signal=K4; exit=XU; filter=UP,3.1,2.1,0.14,0.35,0.25,1.0,,3 (positive)
A reversal,^GDAXI|K4|XU|DN,^GDAXI,signal=K4; exit=XU; filter=DN,2.8,2.0,0.13,-0.05,-0.05,1.0,,reject
A reversal,^GDAXI|K4|X3|F0,^GDAXI,signal=K4; exit=X3; filter=F0,6.1,7.2,0.2,0.01,-0.05,1.0,,reject
A reversal,^GDAXI|K4|X3|UP,^GDAXI,signal=K4; exit=X3; filter=UP,3.2,3.8,0.23,0.22,0.08,1.0,,3 (positive)
A reversal,^GDAXI|K4|X3|DN,^GDAXI,signal=K4; exit=X3; filter=DN,3.0,3.6,0.17,-0.17,-0.16,1.0,,reject
A reversal,^GDAXI|K5|X1|F0,^GDAXI,signal=K5; exit=X1; filter=F0,4.2,1.7,0.26,-0.08,-0.09,1.0,,reject
A reversal,^GDAXI|K5|X1|UP,^GDAXI,signal=K5; exit=X1; filter=UP,1.7,0.7,0.22,0.32,0.26,1.0,,3 (positive)
A reversal,^GDAXI|K5|X1|DN,^GDAXI,signal=K5; exit=X1; filter=DN,2.5,1.0,0.2,-0.18,-0.18,1.0,,reject
A reversal,^GDAXI|K5|XU|F0,^GDAXI,signal=K5; exit=XU; filter=F0,2.6,1.7,0.26,-0.07,-0.09,1.0,,reject
A reversal,^GDAXI|K5|XU|UP,^GDAXI,signal=K5; exit=XU; filter=UP,1.3,0.8,0.32,0.13,0.08,1.0,,3 (positive)
A reversal,^GDAXI|K5|XU|DN,^GDAXI,signal=K5; exit=XU; filter=DN,1.5,1.0,0.2,-0.18,-0.17,1.0,,reject
A reversal,^GDAXI|K5|X3|F0,^GDAXI,signal=K5; exit=X3; filter=F0,2.7,3.2,0.12,-0.14,-0.18,1.0,,reject
A reversal,^GDAXI|K5|X3|UP,^GDAXI,signal=K5; exit=X3; filter=UP,1.3,1.6,0.14,0.06,-0.02,1.0,,reject
A reversal,^GDAXI|K5|X3|DN,^GDAXI,signal=K5; exit=X3; filter=DN,1.5,1.8,0.12,-0.3,-0.3,1.0,,reject
A reversal,^GDAXI|R5|X1|F0,^GDAXI,signal=R5; exit=X1; filter=F0,12.7,5.0,0.33,0.28,0.25,1.0,,3 (positive)
A reversal,^GDAXI|R5|X1|UP,^GDAXI,signal=R5; exit=X1; filter=UP,5.7,2.3,0.2,0.41,0.32,0.998,,2 (robust)
A reversal,^GDAXI|R5|X1|DN,^GDAXI,signal=R5; exit=X1; filter=DN,7.0,2.8,0.27,0.12,0.12,1.0,,3 (positive)
A reversal,^GDAXI|R5|XU|F0,^GDAXI,signal=R5; exit=XU; filter=F0,7.6,5.0,0.34,0.3,0.26,1.0,,3 (positive)
A reversal,^GDAXI|R5|XU|UP,^GDAXI,signal=R5; exit=XU; filter=UP,3.7,2.4,0.09,0.32,0.24,1.0,,3 (positive)
A reversal,^GDAXI|R5|XU|DN,^GDAXI,signal=R5; exit=XU; filter=DN,4.0,2.8,0.28,0.12,0.13,1.0,,3 (positive)
A reversal,^GDAXI|R5|X3|F0,^GDAXI,signal=R5; exit=X3; filter=F0,7.8,9.3,0.39,0.26,0.19,1.0,,3 (positive)
A reversal,^GDAXI|R5|X3|UP,^GDAXI,signal=R5; exit=X3; filter=UP,3.7,4.4,0.31,0.28,0.15,1.0,,3 (positive)
A reversal,^GDAXI|R5|X3|DN,^GDAXI,signal=R5; exit=X3; filter=DN,4.2,5.0,0.3,0.16,0.15,1.0,,3 (positive)
A reversal,^GDAXI|R10|X1|F0,^GDAXI,signal=R10; exit=X1; filter=F0,25.2,10.0,0.23,0.16,0.09,1.0,,3 (positive)
A reversal,^GDAXI|R10|X1|UP,^GDAXI,signal=R10; exit=X1; filter=UP,12.9,5.1,0.12,0.34,0.19,1.0,,3 (positive)
A reversal,^GDAXI|R10|X1|DN,^GDAXI,signal=R10; exit=X1; filter=DN,12.3,4.9,0.2,-0.02,-0.01,1.0,,reject
A reversal,^GDAXI|R10|XU|F0,^GDAXI,signal=R10; exit=XU; filter=F0,14.6,10.0,0.24,0.18,0.11,1.0,,3 (positive)
A reversal,^GDAXI|R10|XU|UP,^GDAXI,signal=R10; exit=XU; filter=UP,8.1,5.3,0.19,0.25,0.11,1.0,,3 (positive)
A reversal,^GDAXI|R10|XU|DN,^GDAXI,signal=R10; exit=XU; filter=DN,6.9,4.9,0.21,-0.01,-0.0,1.0,,reject
A reversal,^GDAXI|R10|X3|F0,^GDAXI,signal=R10; exit=X3; filter=F0,14.6,17.4,0.36,0.07,-0.03,1.0,,reject
A reversal,^GDAXI|R10|X3|UP,^GDAXI,signal=R10; exit=X3; filter=UP,8.1,9.6,0.37,0.18,-0.03,1.0,,reject
A reversal,^GDAXI|R10|X3|DN,^GDAXI,signal=R10; exit=X3; filter=DN,6.9,8.2,0.28,-0.04,-0.03,1.0,,reject
A reversal,^GDAXI|R20|X1|F0,^GDAXI,signal=R20; exit=X1; filter=F0,49.0,19.4,0.17,0.2,0.07,1.0,,3 (positive)
A reversal,^GDAXI|R20|X1|UP,^GDAXI,signal=R20; exit=X1; filter=UP,28.7,11.4,0.12,0.52,0.3,0.999,,3 (positive)
A reversal,^GDAXI|R20|X1|DN,^GDAXI,signal=R20; exit=X1; filter=DN,20.3,8.1,0.12,-0.15,-0.15,1.0,,reject
A reversal,^GDAXI|R20|XU|F0,^GDAXI,signal=R20; exit=XU; filter=F0,28.0,19.4,0.19,0.23,0.09,1.0,,3 (positive)
A reversal,^GDAXI|R20|XU|UP,^GDAXI,signal=R20; exit=XU; filter=UP,17.8,12.0,0.17,0.36,0.15,1.0,,3 (positive)
A reversal,^GDAXI|R20|XU|DN,^GDAXI,signal=R20; exit=XU; filter=DN,10.9,8.1,0.13,-0.14,-0.13,1.0,,reject
A reversal,^GDAXI|R20|X3|F0,^GDAXI,signal=R20; exit=X3; filter=F0,27.2,32.4,0.18,0.06,-0.14,1.0,,reject
A reversal,^GDAXI|R20|X3|UP,^GDAXI,signal=R20; exit=X3; filter=UP,16.8,20.0,0.22,0.14,-0.17,1.0,,reject
A reversal,^GDAXI|R20|X3|DN,^GDAXI,signal=R20; exit=X3; filter=DN,10.8,12.9,0.07,-0.09,-0.08,1.0,,reject
A reversal,^GDAXI|I10|X1|F0,^GDAXI,signal=I10; exit=X1; filter=F0,25.0,9.9,0.09,-0.46,-0.58,1.0,,reject
A reversal,^GDAXI|I10|X1|UP,^GDAXI,signal=I10; exit=X1; filter=UP,15.8,6.3,0.22,-0.31,-0.48,1.0,,reject
A reversal,^GDAXI|I10|X1|DN,^GDAXI,signal=I10; exit=X1; filter=DN,9.2,3.7,-0.07,-0.34,-0.33,1.0,,reject
A reversal,^GDAXI|I10|XU|F0,^GDAXI,signal=I10; exit=XU; filter=F0,21.4,15.8,-0.02,-0.2,-0.33,1.0,,reject
A reversal,^GDAXI|I10|XU|UP,^GDAXI,signal=I10; exit=XU; filter=UP,13.9,10.1,0.06,-0.13,-0.34,1.0,,reject
A reversal,^GDAXI|I10|XU|DN,^GDAXI,signal=I10; exit=XU; filter=DN,7.7,5.8,-0.08,-0.11,-0.09,1.0,,reject
A reversal,^GDAXI|I10|X3|F0,^GDAXI,signal=I10; exit=X3; filter=F0,20.8,24.8,0.11,-0.2,-0.39,1.0,,reject
A reversal,^GDAXI|I10|X3|UP,^GDAXI,signal=I10; exit=X3; filter=UP,13.5,16.0,0.29,-0.19,-0.47,1.0,,reject
A reversal,^GDAXI|I10|X3|DN,^GDAXI,signal=I10; exit=X3; filter=DN,7.5,8.9,-0.07,-0.03,-0.02,1.0,,reject
A reversal,^GDAXI|I25|X1|F0,^GDAXI,signal=I25; exit=X1; filter=F0,59.5,23.6,-0.16,-0.43,-0.61,1.0,,reject
A reversal,^GDAXI|I25|X1|UP,^GDAXI,signal=I25; exit=X1; filter=UP,38.5,15.3,0.1,-0.27,-0.56,1.0,,reject
A reversal,^GDAXI|I25|X1|DN,^GDAXI,signal=I25; exit=X1; filter=DN,21.1,8.4,-0.27,-0.33,-0.33,1.0,,reject
A reversal,^GDAXI|I25|XU|F0,^GDAXI,signal=I25; exit=XU; filter=F0,42.5,31.1,-0.15,0.03,-0.17,1.0,,reject
A reversal,^GDAXI|I25|XU|UP,^GDAXI,signal=I25; exit=XU; filter=UP,28.6,20.6,0.13,-0.06,-0.39,1.0,,reject
A reversal,^GDAXI|I25|XU|DN,^GDAXI,signal=I25; exit=XU; filter=DN,14.6,11.0,-0.24,0.11,0.12,1.0,,3 (positive)
A reversal,^GDAXI|I25|X3|F0,^GDAXI,signal=I25; exit=X3; filter=F0,39.6,47.1,0.1,-0.03,-0.31,1.0,,reject
A reversal,^GDAXI|I25|X3|UP,^GDAXI,signal=I25; exit=X3; filter=UP,26.3,31.3,0.19,-0.11,-0.53,1.0,,reject
A reversal,^GDAXI|I25|X3|DN,^GDAXI,signal=I25; exit=X3; filter=DN,13.8,16.4,-0.03,0.11,0.11,1.0,,3 (positive)
A reversal,^GDAXI|L5|X1|F0,^GDAXI,signal=L5; exit=X1; filter=F0,55.4,22.0,-0.06,0.31,0.16,1.0,,3 (positive)
A reversal,^GDAXI|L5|X1|UP,^GDAXI,signal=L5; exit=X1; filter=UP,33.8,13.4,-0.07,0.52,0.26,1.0,,3 (positive)
A reversal,^GDAXI|L5|X1|DN,^GDAXI,signal=L5; exit=X1; filter=DN,21.6,8.6,-0.03,-0.02,-0.01,1.0,,reject
A reversal,^GDAXI|L5|XU|F0,^GDAXI,signal=L5; exit=XU; filter=F0,31.4,22.0,-0.03,0.34,0.19,1.0,,3 (positive)
A reversal,^GDAXI|L5|XU|UP,^GDAXI,signal=L5; exit=XU; filter=UP,20.6,14.1,-0.02,0.55,0.29,0.999,,3 (positive)
A reversal,^GDAXI|L5|XU|DN,^GDAXI,signal=L5; exit=XU; filter=DN,11.7,8.6,-0.01,-0.01,0.0,1.0,,3 (positive)
A reversal,^GDAXI|L5|X3|F0,^GDAXI,signal=L5; exit=X3; filter=F0,31.4,37.4,0.17,0.23,0.0,1.0,,3 (positive)
A reversal,^GDAXI|L5|X3|UP,^GDAXI,signal=L5; exit=X3; filter=UP,20.3,24.2,0.23,0.38,0.03,1.0,,3 (positive)
A reversal,^GDAXI|L5|X3|DN,^GDAXI,signal=L5; exit=X3; filter=DN,11.7,13.9,0.05,-0.04,-0.03,1.0,,reject
A reversal,^GDAXI|L10|X1|F0,^GDAXI,signal=L10; exit=X1; filter=F0,34.0,13.5,0.09,0.19,0.09,1.0,,3 (positive)
A reversal,^GDAXI|L10|X1|UP,^GDAXI,signal=L10; exit=X1; filter=UP,17.8,7.1,0.13,0.55,0.37,0.996,,3 (positive)
A reversal,^GDAXI|L10|X1|DN,^GDAXI,signal=L10; exit=X1; filter=DN,16.2,6.4,0.04,-0.14,-0.14,1.0,,reject
A reversal,^GDAXI|L10|XU|F0,^GDAXI,signal=L10; exit=XU; filter=F0,19.4,13.5,0.11,0.22,0.12,1.0,,3 (positive)
A reversal,^GDAXI|L10|XU|UP,^GDAXI,signal=L10; exit=XU; filter=UP,11.4,7.4,0.21,0.48,0.3,0.999,,3 (positive)
A reversal,^GDAXI|L10|XU|DN,^GDAXI,signal=L10; exit=XU; filter=DN,8.6,6.4,0.05,-0.13,-0.13,1.0,,reject
A reversal,^GDAXI|L10|X3|F0,^GDAXI,signal=L10; exit=X3; filter=F0,19.2,22.9,0.25,0.01,-0.15,1.0,,reject
A reversal,^GDAXI|L10|X3|UP,^GDAXI,signal=L10; exit=X3; filter=UP,11.0,13.1,0.43,0.33,0.08,1.0,,3 (positive)
A reversal,^GDAXI|L10|X3|DN,^GDAXI,signal=L10; exit=X3; filter=DN,8.6,10.2,0.06,-0.23,-0.24,1.0,,reject
A reversal,^GDAXI|D15|X1|F0,^GDAXI,signal=D15; exit=X1; filter=F0,18.0,7.1,0.11,-0.12,-0.21,1.0,,reject
A reversal,^GDAXI|D15|X1|UP,^GDAXI,signal=D15; exit=X1; filter=UP,10.9,4.3,-0.11,0.04,-0.09,1.0,,reject
A reversal,^GDAXI|D15|X1|DN,^GDAXI,signal=D15; exit=X1; filter=DN,7.1,2.8,0.2,-0.2,-0.19,1.0,,reject
A reversal,^GDAXI|D15|XU|F0,^GDAXI,signal=D15; exit=XU; filter=F0,15.0,10.4,-0.02,0.14,0.05,1.0,,3 (positive)
A reversal,^GDAXI|D15|XU|UP,^GDAXI,signal=D15; exit=XU; filter=UP,9.5,6.4,-0.07,0.28,0.13,1.0,,3 (positive)
A reversal,^GDAXI|D15|XU|DN,^GDAXI,signal=D15; exit=XU; filter=DN,5.9,4.2,0.1,0.01,0.01,1.0,,3 (positive)
A reversal,^GDAXI|D15|X3|F0,^GDAXI,signal=D15; exit=X3; filter=F0,14.8,17.6,0.24,0.02,-0.13,1.0,,reject
A reversal,^GDAXI|D15|X3|UP,^GDAXI,signal=D15; exit=X3; filter=UP,9.2,10.9,0.03,0.15,-0.09,1.0,,reject
A reversal,^GDAXI|D15|X3|DN,^GDAXI,signal=D15; exit=X3; filter=DN,5.8,6.9,0.28,-0.07,-0.06,1.0,,reject
A reversal,^FTSE|K2|X1|F0,^FTSE,signal=K2; exit=X1; filter=F0,55.0,21.8,0.33,-0.18,-0.26,1.0,,reject
A reversal,^FTSE|K2|X1|UP,^FTSE,signal=K2; exit=X1; filter=UP,32.0,12.7,0.03,-0.21,-0.38,1.0,,reject
A reversal,^FTSE|K2|X1|DN,^FTSE,signal=K2; exit=X1; filter=DN,23.0,9.1,0.36,-0.06,-0.05,1.0,,reject
A reversal,^FTSE|K2|XU|F0,^FTSE,signal=K2; exit=XU; filter=F0,30.5,21.8,0.38,-0.13,-0.22,1.0,,reject
A reversal,^FTSE|K2|XU|UP,^FTSE,signal=K2; exit=XU; filter=UP,18.7,13.5,0.26,-0.15,-0.31,1.0,,reject
A reversal,^FTSE|K2|XU|DN,^FTSE,signal=K2; exit=XU; filter=DN,12.9,9.1,0.39,-0.04,-0.03,1.0,,reject
A reversal,^FTSE|K2|X3|F0,^FTSE,signal=K2; exit=X3; filter=F0,32.8,39.0,0.47,0.07,-0.07,1.0,,reject
A reversal,^FTSE|K2|X3|UP,^FTSE,signal=K2; exit=X3; filter=UP,19.9,23.6,0.17,-0.17,-0.41,1.0,,reject
A reversal,^FTSE|K2|X3|DN,^FTSE,signal=K2; exit=X3; filter=DN,13.8,16.5,0.46,0.17,0.19,1.0,,3 (positive)
A reversal,^FTSE|K3|X1|F0,^FTSE,signal=K3; exit=X1; filter=F0,24.9,9.9,0.68,-0.19,-0.24,1.0,,reject
A reversal,^FTSE|K3|X1|UP,^FTSE,signal=K3; exit=X1; filter=UP,13.3,5.3,0.41,0.06,-0.07,1.0,,reject
A reversal,^FTSE|K3|X1|DN,^FTSE,signal=K3; exit=X1; filter=DN,11.6,4.6,0.56,-0.25,-0.24,1.0,,reject
A reversal,^FTSE|K3|XU|F0,^FTSE,signal=K3; exit=XU; filter=F0,14.7,9.9,0.72,-0.17,-0.22,1.0,,reject
A reversal,^FTSE|K3|XU|UP,^FTSE,signal=K3; exit=XU; filter=UP,8.5,5.6,0.57,0.1,-0.02,1.0,,reject
A reversal,^FTSE|K3|XU|DN,^FTSE,signal=K3; exit=XU; filter=DN,6.8,4.6,0.59,-0.24,-0.23,1.0,,reject
A reversal,^FTSE|K3|X3|F0,^FTSE,signal=K3; exit=X3; filter=F0,15.8,18.9,0.66,-0.33,-0.41,1.0,,reject
A reversal,^FTSE|K3|X3|UP,^FTSE,signal=K3; exit=X3; filter=UP,9.0,10.7,0.72,-0.12,-0.29,1.0,,reject
A reversal,^FTSE|K3|X3|DN,^FTSE,signal=K3; exit=X3; filter=DN,7.2,8.6,0.38,-0.31,-0.3,1.0,,reject
A reversal,^FTSE|K4|X1|F0,^FTSE,signal=K4; exit=X1; filter=F0,10.4,4.1,0.33,-0.09,-0.11,1.0,,reject
A reversal,^FTSE|K4|X1|UP,^FTSE,signal=K4; exit=X1; filter=UP,4.8,1.9,0.39,-0.13,-0.21,1.0,,reject
A reversal,^FTSE|K4|X1|DN,^FTSE,signal=K4; exit=X1; filter=DN,5.5,2.2,0.19,-0.04,-0.03,1.0,,reject
A reversal,^FTSE|K4|XU|F0,^FTSE,signal=K4; exit=XU; filter=F0,6.0,4.1,0.35,-0.07,-0.09,1.0,,reject
A reversal,^FTSE|K4|XU|UP,^FTSE,signal=K4; exit=XU; filter=UP,3.0,2.0,0.51,-0.04,-0.12,1.0,,reject
A reversal,^FTSE|K4|XU|DN,^FTSE,signal=K4; exit=XU; filter=DN,3.2,2.2,0.2,-0.03,-0.02,1.0,,reject
A reversal,^FTSE|K4|X3|F0,^FTSE,signal=K4; exit=X3; filter=F0,6.4,7.6,0.35,-0.08,-0.11,1.0,,reject
A reversal,^FTSE|K4|X3|UP,^FTSE,signal=K4; exit=X3; filter=UP,3.1,3.7,0.54,-0.13,-0.22,1.0,,reject
A reversal,^FTSE|K4|X3|DN,^FTSE,signal=K4; exit=X3; filter=DN,3.5,4.2,0.17,0.01,0.01,1.0,,3 (positive)
A reversal,^FTSE|K5|X1|F0,^FTSE,signal=K5; exit=X1; filter=F0,4.5,1.8,0.13,-0.19,-0.2,1.0,,reject
A reversal,^FTSE|K5|X1|UP,^FTSE,signal=K5; exit=X1; filter=UP,1.8,0.7,0.41,0.17,0.1,1.0,,3 (positive)
A reversal,^FTSE|K5|X1|DN,^FTSE,signal=K5; exit=X1; filter=DN,2.6,1.0,-0.03,-0.23,-0.23,1.0,,reject
A reversal,^FTSE|K5|XU|F0,^FTSE,signal=K5; exit=XU; filter=F0,2.6,1.8,0.14,-0.18,-0.19,1.0,,reject
A reversal,^FTSE|K5|XU|UP,^FTSE,signal=K5; exit=XU; filter=UP,1.2,0.8,0.46,0.21,0.13,1.0,,3 (positive)
A reversal,^FTSE|K5|XU|DN,^FTSE,signal=K5; exit=XU; filter=DN,1.5,1.0,-0.02,-0.23,-0.22,1.0,,reject
A reversal,^FTSE|K5|X3|F0,^FTSE,signal=K5; exit=X3; filter=F0,2.7,3.3,0.16,0.02,-0.01,1.0,,reject
A reversal,^FTSE|K5|X3|UP,^FTSE,signal=K5; exit=X3; filter=UP,1.2,1.5,0.35,0.49,0.4,0.993,,3 (positive)
A reversal,^FTSE|K5|X3|DN,^FTSE,signal=K5; exit=X3; filter=DN,1.6,1.9,0.06,-0.12,-0.11,1.0,,reject
A reversal,^FTSE|R5|X1|F0,^FTSE,signal=R5; exit=X1; filter=F0,14.5,5.8,0.38,0.01,-0.0,1.0,,reject
A reversal,^FTSE|R5|X1|UP,^FTSE,signal=R5; exit=X1; filter=UP,6.0,2.4,0.15,0.24,0.17,1.0,,3 (positive)
A reversal,^FTSE|R5|X1|DN,^FTSE,signal=R5; exit=X1; filter=DN,8.5,3.4,0.36,-0.09,-0.07,1.0,,reject
A reversal,^FTSE|R5|XU|F0,^FTSE,signal=R5; exit=XU; filter=F0,8.1,5.8,0.4,0.03,0.01,1.0,,3 (positive)
A reversal,^FTSE|R5|XU|UP,^FTSE,signal=R5; exit=XU; filter=UP,3.6,2.6,0.33,0.22,0.16,1.0,,3 (positive)
A reversal,^FTSE|R5|XU|DN,^FTSE,signal=R5; exit=XU; filter=DN,4.8,3.4,0.36,-0.08,-0.06,1.0,,reject
A reversal,^FTSE|R5|X3|F0,^FTSE,signal=R5; exit=X3; filter=F0,8.7,10.4,0.47,-0.02,-0.04,1.0,,reject
A reversal,^FTSE|R5|X3|UP,^FTSE,signal=R5; exit=X3; filter=UP,3.7,4.4,0.36,0.02,-0.07,1.0,,reject
A reversal,^FTSE|R5|X3|DN,^FTSE,signal=R5; exit=X3; filter=DN,5.2,6.2,0.38,-0.03,-0.01,1.0,,reject
A reversal,^FTSE|R10|X1|F0,^FTSE,signal=R10; exit=X1; filter=F0,26.8,10.6,0.35,-0.12,-0.16,1.0,,reject
A reversal,^FTSE|R10|X1|UP,^FTSE,signal=R10; exit=X1; filter=UP,13.0,5.2,0.12,0.01,-0.09,1.0,,reject
A reversal,^FTSE|R10|X1|DN,^FTSE,signal=R10; exit=X1; filter=DN,13.8,5.5,0.33,-0.15,-0.14,1.0,,reject
A reversal,^FTSE|R10|XU|F0,^FTSE,signal=R10; exit=XU; filter=F0,14.8,10.6,0.37,-0.09,-0.13,1.0,,reject
A reversal,^FTSE|R10|XU|UP,^FTSE,signal=R10; exit=XU; filter=UP,7.9,5.6,0.28,-0.01,-0.1,1.0,,reject
A reversal,^FTSE|R10|XU|DN,^FTSE,signal=R10; exit=XU; filter=DN,7.5,5.5,0.35,-0.13,-0.12,1.0,,reject
A reversal,^FTSE|R10|X3|F0,^FTSE,signal=R10; exit=X3; filter=F0,15.4,18.4,0.73,-0.12,-0.17,1.0,,reject
A reversal,^FTSE|R10|X3|UP,^FTSE,signal=R10; exit=X3; filter=UP,8.2,9.7,0.6,-0.09,-0.21,1.0,,reject
A reversal,^FTSE|R10|X3|DN,^FTSE,signal=R10; exit=X3; filter=DN,7.7,9.1,0.53,-0.06,-0.04,1.0,,reject
A reversal,^FTSE|R20|X1|F0,^FTSE,signal=R20; exit=X1; filter=F0,50.5,20.0,0.45,-0.0,-0.06,1.0,,reject
A reversal,^FTSE|R20|X1|UP,^FTSE,signal=R20; exit=X1; filter=UP,26.7,10.6,0.26,-0.05,-0.2,1.0,,reject
A reversal,^FTSE|R20|X1|DN,^FTSE,signal=R20; exit=X1; filter=DN,23.8,9.4,0.37,0.03,0.05,1.0,,3 (positive)
A reversal,^FTSE|R20|XU|F0,^FTSE,signal=R20; exit=XU; filter=F0,28.1,20.0,0.48,0.03,-0.03,1.0,,reject
A reversal,^FTSE|R20|XU|UP,^FTSE,signal=R20; exit=XU; filter=UP,16.4,11.5,0.41,-0.09,-0.23,1.0,,reject
A reversal,^FTSE|R20|XU|DN,^FTSE,signal=R20; exit=XU; filter=DN,12.9,9.4,0.39,0.05,0.07,1.0,,3 (positive)
A reversal,^FTSE|R20|X3|F0,^FTSE,signal=R20; exit=X3; filter=F0,27.8,33.1,0.67,0.15,0.05,1.0,,3 (positive)
A reversal,^FTSE|R20|X3|UP,^FTSE,signal=R20; exit=X3; filter=UP,16.1,19.1,0.55,-0.09,-0.29,1.0,,reject
A reversal,^FTSE|R20|X3|DN,^FTSE,signal=R20; exit=X3; filter=DN,12.7,15.1,0.51,0.25,0.27,1.0,,3 (positive)
A reversal,^FTSE|I10|X1|F0,^FTSE,signal=I10; exit=X1; filter=F0,30.5,12.1,0.05,-0.62,-0.66,1.0,,reject
A reversal,^FTSE|I10|X1|UP,^FTSE,signal=I10; exit=X1; filter=UP,18.0,7.1,-0.1,-0.23,-0.35,1.0,,reject
A reversal,^FTSE|I10|X1|DN,^FTSE,signal=I10; exit=X1; filter=DN,12.4,4.9,0.13,-0.58,-0.56,1.0,,reject
A reversal,^FTSE|I10|XU|F0,^FTSE,signal=I10; exit=XU; filter=F0,25.2,18.3,0.32,-0.31,-0.37,1.0,,reject
A reversal,^FTSE|I10|XU|UP,^FTSE,signal=I10; exit=XU; filter=UP,15.4,11.2,0.19,-0.3,-0.43,1.0,,reject
A reversal,^FTSE|I10|XU|DN,^FTSE,signal=I10; exit=XU; filter=DN,10.3,7.6,0.27,-0.18,-0.16,1.0,,reject
A reversal,^FTSE|I10|X3|F0,^FTSE,signal=I10; exit=X3; filter=F0,24.3,28.9,0.09,-0.22,-0.3,1.0,,reject
A reversal,^FTSE|I10|X3|UP,^FTSE,signal=I10; exit=X3; filter=UP,14.8,17.6,0.0,-0.33,-0.5,1.0,,reject
A reversal,^FTSE|I10|X3|DN,^FTSE,signal=I10; exit=X3; filter=DN,10.0,11.8,0.16,-0.06,-0.03,1.0,,reject
A reversal,^FTSE|I25|X1|F0,^FTSE,signal=I25; exit=X1; filter=F0,65.3,25.9,-0.14,-0.61,-0.69,1.0,,reject
A reversal,^FTSE|I25|X1|UP,^FTSE,signal=I25; exit=X1; filter=UP,39.6,15.7,-0.35,-0.59,-0.77,1.0,,reject
A reversal,^FTSE|I25|X1|DN,^FTSE,signal=I25; exit=X1; filter=DN,25.7,10.2,0.04,-0.32,-0.29,1.0,,reject
A reversal,^FTSE|I25|XU|F0,^FTSE,signal=I25; exit=XU; filter=F0,44.4,33.2,0.03,-0.21,-0.31,1.0,,reject
A reversal,^FTSE|I25|XU|UP,^FTSE,signal=I25; exit=XU; filter=UP,28.3,21.3,-0.03,-0.4,-0.59,1.0,,reject
A reversal,^FTSE|I25|XU|DN,^FTSE,signal=I25; exit=XU; filter=DN,17.6,13.0,0.11,0.03,0.07,1.0,,3 (positive)
A reversal,^FTSE|I25|X3|F0,^FTSE,signal=I25; exit=X3; filter=F0,42.2,50.3,0.18,-0.07,-0.2,1.0,,reject
A reversal,^FTSE|I25|X3|UP,^FTSE,signal=I25; exit=X3; filter=UP,26.8,31.9,-0.12,-0.49,-0.75,1.0,,reject
A reversal,^FTSE|I25|X3|DN,^FTSE,signal=I25; exit=X3; filter=DN,16.5,19.6,0.3,0.3,0.33,0.999,,3 (positive)
A reversal,^FTSE|L5|X1|F0,^FTSE,signal=L5; exit=X1; filter=F0,58.8,23.3,0.33,0.03,-0.05,1.0,,reject
A reversal,^FTSE|L5|X1|UP,^FTSE,signal=L5; exit=X1; filter=UP,33.2,13.2,0.02,-0.04,-0.21,1.0,,reject
A reversal,^FTSE|L5|X1|DN,^FTSE,signal=L5; exit=X1; filter=DN,25.6,10.2,0.36,0.06,0.08,1.0,,3 (positive)
A reversal,^FTSE|L5|XU|F0,^FTSE,signal=L5; exit=XU; filter=F0,32.4,23.3,0.37,0.07,-0.01,1.0,,reject
A reversal,^FTSE|L5|XU|UP,^FTSE,signal=L5; exit=XU; filter=UP,19.7,14.1,0.15,-0.0,-0.17,1.0,,reject
A reversal,^FTSE|L5|XU|DN,^FTSE,signal=L5; exit=XU; filter=DN,14.1,10.2,0.38,0.08,0.1,1.0,,3 (positive)
A reversal,^FTSE|L5|X3|F0,^FTSE,signal=L5; exit=X3; filter=F0,32.4,38.5,0.45,0.13,0.02,1.0,,3 (positive)
A reversal,^FTSE|L5|X3|UP,^FTSE,signal=L5; exit=X3; filter=UP,19.5,23.1,0.21,-0.03,-0.27,1.0,,reject
A reversal,^FTSE|L5|X3|DN,^FTSE,signal=L5; exit=X3; filter=DN,14.1,16.8,0.43,0.22,0.24,1.0,,3 (positive)
A reversal,^FTSE|L10|X1|F0,^FTSE,signal=L10; exit=X1; filter=F0,36.8,14.6,0.37,-0.09,-0.14,1.0,,reject
A reversal,^FTSE|L10|X1|UP,^FTSE,signal=L10; exit=X1; filter=UP,17.7,7.0,0.07,-0.1,-0.22,1.0,,reject
A reversal,^FTSE|L10|X1|DN,^FTSE,signal=L10; exit=X1; filter=DN,19.1,7.6,0.37,-0.05,-0.03,1.0,,reject
A reversal,^FTSE|L10|XU|F0,^FTSE,signal=L10; exit=XU; filter=F0,20.0,14.6,0.39,-0.06,-0.11,1.0,,reject
A reversal,^FTSE|L10|XU|UP,^FTSE,signal=L10; exit=XU; filter=UP,10.7,7.8,0.18,-0.12,-0.23,1.0,,reject
A reversal,^FTSE|L10|XU|DN,^FTSE,signal=L10; exit=XU; filter=DN,10.3,7.6,0.39,-0.03,-0.02,1.0,,reject
A reversal,^FTSE|L10|X3|F0,^FTSE,signal=L10; exit=X3; filter=F0,20.3,24.1,0.45,0.05,-0.02,1.0,,reject
A reversal,^FTSE|L10|X3|UP,^FTSE,signal=L10; exit=X3; filter=UP,10.7,12.7,0.32,-0.06,-0.22,1.0,,reject
A reversal,^FTSE|L10|X3|DN,^FTSE,signal=L10; exit=X3; filter=DN,10.4,12.4,0.37,0.12,0.13,1.0,,3 (positive)
A reversal,^FTSE|D15|X1|F0,^FTSE,signal=D15; exit=X1; filter=F0,18.1,7.2,0.11,-0.42,-0.45,1.0,,reject
A reversal,^FTSE|D15|X1|UP,^FTSE,signal=D15; exit=X1; filter=UP,9.9,3.9,-0.1,-0.3,-0.38,1.0,,reject
A reversal,^FTSE|D15|X1|DN,^FTSE,signal=D15; exit=X1; filter=DN,8.2,3.3,0.17,-0.29,-0.28,1.0,,reject
A reversal,^FTSE|D15|XU|F0,^FTSE,signal=D15; exit=XU; filter=F0,14.8,10.8,0.29,-0.36,-0.39,1.0,,reject
A reversal,^FTSE|D15|XU|UP,^FTSE,signal=D15; exit=XU; filter=UP,8.6,6.1,0.14,-0.32,-0.4,1.0,,reject
A reversal,^FTSE|D15|XU|DN,^FTSE,signal=D15; exit=XU; filter=DN,6.6,4.9,0.31,-0.24,-0.23,1.0,,reject
A reversal,^FTSE|D15|X3|F0,^FTSE,signal=D15; exit=X3; filter=F0,14.8,17.6,0.32,-0.06,-0.11,1.0,,reject
A reversal,^FTSE|D15|X3|UP,^FTSE,signal=D15; exit=X3; filter=UP,8.5,10.1,-0.0,-0.17,-0.29,1.0,,reject
A reversal,^FTSE|D15|X3|DN,^FTSE,signal=D15; exit=X3; filter=DN,6.6,7.9,0.39,0.05,0.07,1.0,,3 (positive)
A reversal,^N225|K2|X1|F0,^N225,signal=K2; exit=X1; filter=F0,55.2,21.9,0.06,0.43,0.21,1.0,,3 (positive)
A reversal,^N225|K2|X1|UP,^N225,signal=K2; exit=X1; filter=UP,26.4,10.5,0.19,0.33,0.05,1.0,,3 (positive)
A reversal,^N225|K2|X1|DN,^N225,signal=K2; exit=X1; filter=DN,28.8,11.4,-0.03,0.29,0.24,0.999,,3 (positive)
A reversal,^N225|K2|XU|F0,^N225,signal=K2; exit=XU; filter=F0,30.5,21.9,0.09,0.46,0.24,0.999,,3 (positive)
A reversal,^N225|K2|XU|UP,^N225,signal=K2; exit=XU; filter=UP,15.9,11.2,0.19,0.35,0.08,1.0,,3 (positive)
A reversal,^N225|K2|XU|DN,^N225,signal=K2; exit=XU; filter=DN,15.7,11.4,-0.01,0.3,0.25,0.999,,3 (positive)
A reversal,^N225|K2|X3|F0,^N225,signal=K2; exit=X3; filter=F0,32.8,39.1,0.01,0.71,0.38,0.975,,2 (robust)
A reversal,^N225|K2|X3|UP,^N225,signal=K2; exit=X3; filter=UP,16.8,20.0,0.19,0.53,0.13,1.0,,3 (positive)
A reversal,^N225|K2|X3|DN,^N225,signal=K2; exit=X3; filter=DN,16.9,20.2,-0.1,0.44,0.37,0.975,,2 (robust)
A reversal,^N225|K3|X1|F0,^N225,signal=K3; exit=X1; filter=F0,25.4,10.1,0.16,0.46,0.32,0.999,,2 (robust)
A reversal,^N225|K3|X1|UP,^N225,signal=K3; exit=X1; filter=UP,10.6,4.2,0.17,0.34,0.18,1.0,,3 (positive)
A reversal,^N225|K3|X1|DN,^N225,signal=K3; exit=X1; filter=DN,14.7,5.9,0.11,0.3,0.27,1.0,,3 (positive)
A reversal,^N225|K3|XU|F0,^N225,signal=K3; exit=XU; filter=F0,14.2,10.1,0.18,0.47,0.34,0.996,,2 (robust)
A reversal,^N225|K3|XU|UP,^N225,signal=K3; exit=XU; filter=UP,6.5,4.6,0.28,0.33,0.17,1.0,,3 (positive)
A reversal,^N225|K3|XU|DN,^N225,signal=K3; exit=XU; filter=DN,8.3,5.9,0.12,0.31,0.28,0.999,,3 (positive)
A reversal,^N225|K3|X3|F0,^N225,signal=K3; exit=X3; filter=F0,15.3,18.2,0.24,0.29,0.09,1.0,,3 (positive)
A reversal,^N225|K3|X3|UP,^N225,signal=K3; exit=X3; filter=UP,6.8,8.1,0.07,0.19,-0.05,1.0,,reject
A reversal,^N225|K3|X3|DN,^N225,signal=K3; exit=X3; filter=DN,9.0,10.7,0.24,0.12,0.07,1.0,,3 (positive)
A reversal,^N225|K4|X1|F0,^N225,signal=K4; exit=X1; filter=F0,11.4,4.5,-0.02,0.51,0.43,0.972,,2 (robust)
A reversal,^N225|K4|X1|UP,^N225,signal=K4; exit=X1; filter=UP,4.1,1.6,-0.2,0.47,0.39,0.989,,2 (robust)
A reversal,^N225|K4|X1|DN,^N225,signal=K4; exit=X1; filter=DN,7.3,2.9,0.05,0.25,0.22,1.0,,3 (positive)
A reversal,^N225|K4|XU|F0,^N225,signal=K4; exit=XU; filter=F0,6.5,4.5,-0.01,0.52,0.44,0.964,,2 (robust)
A reversal,^N225|K4|XU|UP,^N225,signal=K4; exit=XU; filter=UP,2.6,1.7,-0.17,0.44,0.36,0.995,,2 (robust)
A reversal,^N225|K4|XU|DN,^N225,signal=K4; exit=XU; filter=DN,4.1,2.9,0.06,0.26,0.23,1.0,,3 (positive)
A reversal,^N225|K4|X3|F0,^N225,signal=K4; exit=X3; filter=F0,7.1,8.4,0.05,0.41,0.28,0.999,,3 (positive)
A reversal,^N225|K4|X3|UP,^N225,signal=K4; exit=X3; filter=UP,2.7,3.2,-0.29,0.47,0.34,0.996,,2 (robust)
A reversal,^N225|K4|X3|DN,^N225,signal=K4; exit=X3; filter=DN,4.5,5.4,0.17,0.07,0.03,1.0,,3 (positive)
A reversal,^N225|K5|X1|F0,^N225,signal=K5; exit=X1; filter=F0,5.0,2.0,-0.21,0.23,0.18,1.0,,3 (positive)
A reversal,^N225|K5|X1|UP,^N225,signal=K5; exit=X1; filter=UP,1.5,0.6,-0.23,0.14,0.1,1.0,,3 (positive)
A reversal,^N225|K5|X1|DN,^N225,signal=K5; exit=X1; filter=DN,3.5,1.4,-0.13,0.18,0.16,1.0,,3 (positive)
A reversal,^N225|K5|XU|F0,^N225,signal=K5; exit=XU; filter=F0,2.7,2.0,-0.2,0.23,0.19,1.0,,3 (positive)
A reversal,^N225|K5|XU|UP,^N225,signal=K5; exit=XU; filter=UP,1.0,0.7,-0.19,0.12,0.08,1.0,,3 (positive)
A reversal,^N225|K5|XU|DN,^N225,signal=K5; exit=XU; filter=DN,1.8,1.4,-0.13,0.19,0.16,1.0,,3 (positive)
A reversal,^N225|K5|X3|F0,^N225,signal=K5; exit=X3; filter=F0,3.0,3.5,-0.06,0.49,0.42,0.975,,2 (robust)
A reversal,^N225|K5|X3|UP,^N225,signal=K5; exit=X3; filter=UP,1.1,1.3,-0.05,0.35,0.28,1.0,,3 (positive)
A reversal,^N225|K5|X3|DN,^N225,signal=K5; exit=X3; filter=DN,2.0,2.4,-0.04,0.3,0.27,0.999,,3 (positive)
A reversal,^N225|R5|X1|F0,^N225,signal=R5; exit=X1; filter=F0,15.0,6.0,0.03,0.43,0.36,0.996,,2 (robust)
A reversal,^N225|R5|X1|UP,^N225,signal=R5; exit=X1; filter=UP,5.1,2.0,-0.23,0.42,0.34,0.997,,2 (robust)
A reversal,^N225|R5|X1|DN,^N225,signal=R5; exit=X1; filter=DN,9.9,3.9,0.11,0.25,0.22,1.0,,3 (positive)
A reversal,^N225|R5|XU|F0,^N225,signal=R5; exit=XU; filter=F0,8.5,6.0,0.04,0.44,0.37,0.995,,2 (robust)
A reversal,^N225|R5|XU|UP,^N225,signal=R5; exit=XU; filter=UP,3.3,2.2,-0.16,0.34,0.26,1.0,,3 (positive)
A reversal,^N225|R5|XU|DN,^N225,signal=R5; exit=XU; filter=DN,5.6,3.9,0.12,0.26,0.23,1.0,,3 (positive)
A reversal,^N225|R5|X3|F0,^N225,signal=R5; exit=X3; filter=F0,8.7,10.4,0.34,0.35,0.25,1.0,,3 (positive)
A reversal,^N225|R5|X3|UP,^N225,signal=R5; exit=X3; filter=UP,3.2,3.8,-0.27,0.14,0.04,1.0,,3 (positive)
A reversal,^N225|R5|X3|DN,^N225,signal=R5; exit=X3; filter=DN,5.8,6.9,0.45,0.18,0.14,1.0,,3 (positive)
A reversal,^N225|R10|X1|F0,^N225,signal=R10; exit=X1; filter=F0,29.4,11.7,0.08,0.51,0.41,0.96,,2 (robust)
A reversal,^N225|R10|X1|UP,^N225,signal=R10; exit=X1; filter=UP,11.6,4.6,-0.09,0.5,0.35,0.995,,2 (robust)
A reversal,^N225|R10|X1|DN,^N225,signal=R10; exit=X1; filter=DN,17.8,7.1,0.12,0.29,0.26,0.999,,3 (positive)
A reversal,^N225|R10|XU|F0,^N225,signal=R10; exit=XU; filter=F0,16.3,11.7,0.1,0.53,0.42,0.949,,2 (robust)
A reversal,^N225|R10|XU|UP,^N225,signal=R10; exit=XU; filter=UP,7.1,5.0,-0.05,0.49,0.35,0.995,,2 (robust)
A reversal,^N225|R10|XU|DN,^N225,signal=R10; exit=XU; filter=DN,9.8,7.1,0.14,0.3,0.27,0.998,,3 (positive)
A reversal,^N225|R10|X3|F0,^N225,signal=R10; exit=X3; filter=F0,16.5,19.7,0.12,0.5,0.33,0.996,,2 (robust)
A reversal,^N225|R10|X3|UP,^N225,signal=R10; exit=X3; filter=UP,7.2,8.6,-0.1,0.5,0.28,0.999,,3 (positive)
A reversal,^N225|R10|X3|DN,^N225,signal=R10; exit=X3; filter=DN,9.9,11.8,0.17,0.19,0.15,1.0,,3 (positive)
A reversal,^N225|R20|X1|F0,^N225,signal=R20; exit=X1; filter=F0,53.9,21.4,0.14,0.41,0.23,1.0,,3 (positive)
A reversal,^N225|R20|X1|UP,^N225,signal=R20; exit=X1; filter=UP,23.5,9.3,0.16,0.4,0.17,1.0,,3 (positive)
A reversal,^N225|R20|X1|DN,^N225,signal=R20; exit=X1; filter=DN,30.4,12.1,0.08,0.2,0.16,1.0,,3 (positive)
A reversal,^N225|R20|XU|F0,^N225,signal=R20; exit=XU; filter=F0,30.1,21.4,0.17,0.43,0.25,1.0,,3 (positive)
A reversal,^N225|R20|XU|UP,^N225,signal=R20; exit=XU; filter=UP,14.5,10.1,0.18,0.43,0.2,1.0,,3 (positive)
A reversal,^N225|R20|XU|DN,^N225,signal=R20; exit=XU; filter=DN,16.7,12.1,0.1,0.21,0.17,1.0,,3 (positive)
A reversal,^N225|R20|X3|F0,^N225,signal=R20; exit=X3; filter=F0,29.2,34.8,0.04,0.3,0.02,1.0,,3 (positive)
A reversal,^N225|R20|X3|UP,^N225,signal=R20; exit=X3; filter=UP,13.6,16.2,0.15,0.26,-0.09,1.0,,reject
A reversal,^N225|R20|X3|DN,^N225,signal=R20; exit=X3; filter=DN,16.4,19.5,-0.04,0.28,0.22,1.0,,3 (positive)
A reversal,^N225|I10|X1|F0,^N225,signal=I10; exit=X1; filter=F0,32.6,12.9,0.46,0.54,0.37,0.987,,3 (positive)
A reversal,^N225|I10|X1|UP,^N225,signal=I10; exit=X1; filter=UP,17.3,6.9,0.61,0.13,-0.11,1.0,,reject
A reversal,^N225|I10|X1|DN,^N225,signal=I10; exit=X1; filter=DN,15.2,6.0,0.15,0.59,0.57,0.388,,3 (positive)
A reversal,^N225|I10|XU|F0,^N225,signal=I10; exit=XU; filter=F0,27.1,19.0,0.47,0.49,0.29,0.999,,3 (positive)
A reversal,^N225|I10|XU|UP,^N225,signal=I10; exit=XU; filter=UP,15.0,10.4,0.48,0.3,0.03,1.0,,3 (positive)
A reversal,^N225|I10|XU|DN,^N225,signal=I10; exit=XU; filter=DN,12.4,8.8,0.23,0.44,0.41,0.962,,2 (robust)
A reversal,^N225|I10|X3|F0,^N225,signal=I10; exit=X3; filter=F0,25.8,30.7,0.36,0.57,0.26,0.999,,3 (positive)
A reversal,^N225|I10|X3|UP,^N225,signal=I10; exit=X3; filter=UP,14.2,16.9,0.2,0.23,-0.15,1.0,,reject
A reversal,^N225|I10|X3|DN,^N225,signal=I10; exit=X3; filter=DN,11.9,14.1,0.28,0.54,0.49,0.751,,3 (positive)
A reversal,^N225|I25|X1|F0,^N225,signal=I25; exit=X1; filter=F0,68.0,27.0,0.3,0.75,0.47,0.954,,3 (positive)
A reversal,^N225|I25|X1|UP,^N225,signal=I25; exit=X1; filter=UP,36.1,14.3,0.33,0.17,-0.2,1.0,,reject
A reversal,^N225|I25|X1|DN,^N225,signal=I25; exit=X1; filter=DN,31.9,12.7,0.15,0.85,0.8,0.063,,3 (positive)
A reversal,^N225|I25|XU|F0,^N225,signal=I25; exit=XU; filter=F0,48.9,35.2,0.27,0.66,0.34,0.996,,3 (positive)
A reversal,^N225|I25|XU|UP,^N225,signal=I25; exit=XU; filter=UP,27.3,19.7,0.3,0.26,-0.13,1.0,,reject
A reversal,^N225|I25|XU|DN,^N225,signal=I25; exit=XU; filter=DN,22.6,16.3,0.12,0.64,0.58,0.724,,3 (positive)
A reversal,^N225|I25|X3|F0,^N225,signal=I25; exit=X3; filter=F0,44.3,52.7,0.03,0.67,0.24,1.0,,3 (positive)
A reversal,^N225|I25|X3|UP,^N225,signal=I25; exit=X3; filter=UP,24.2,28.8,0.0,0.24,-0.26,1.0,,reject
A reversal,^N225|I25|X3|DN,^N225,signal=I25; exit=X3; filter=DN,20.9,24.9,0.06,0.69,0.59,0.555,,3 (positive)
A reversal,^N225|L5|X1|F0,^N225,signal=L5; exit=X1; filter=F0,60.7,24.1,0.05,0.47,0.26,0.999,,3 (positive)
A reversal,^N225|L5|X1|UP,^N225,signal=L5; exit=X1; filter=UP,28.0,11.1,0.02,0.43,0.17,1.0,,3 (positive)
A reversal,^N225|L5|X1|DN,^N225,signal=L5; exit=X1; filter=DN,32.7,13.0,0.04,0.24,0.2,1.0,,3 (positive)
A reversal,^N225|L5|XU|F0,^N225,signal=L5; exit=XU; filter=F0,33.9,24.1,0.08,0.5,0.29,0.999,,3 (positive)
A reversal,^N225|L5|XU|UP,^N225,signal=L5; exit=XU; filter=UP,17.1,11.8,0.07,0.44,0.18,1.0,,3 (positive)
A reversal,^N225|L5|XU|DN,^N225,signal=L5; exit=XU; filter=DN,17.8,13.0,0.06,0.26,0.21,1.0,,3 (positive)
A reversal,^N225|L5|X3|F0,^N225,signal=L5; exit=X3; filter=F0,33.6,40.0,-0.03,0.5,0.19,1.0,,3 (positive)
A reversal,^N225|L5|X3|UP,^N225,signal=L5; exit=X3; filter=UP,16.3,19.4,0.09,0.39,0.0,1.0,,3 (positive)
A reversal,^N225|L5|X3|DN,^N225,signal=L5; exit=X3; filter=DN,18.2,21.6,-0.1,0.31,0.24,1.0,,3 (positive)
A reversal,^N225|L10|X1|F0,^N225,signal=L10; exit=X1; filter=F0,38.2,15.2,-0.08,0.59,0.46,0.954,,2 (robust)
A reversal,^N225|L10|X1|UP,^N225,signal=L10; exit=X1; filter=UP,15.0,5.9,-0.23,0.62,0.44,0.977,,2 (robust)
A reversal,^N225|L10|X1|DN,^N225,signal=L10; exit=X1; filter=DN,23.3,9.2,0.02,0.28,0.25,0.999,,3 (positive)
A reversal,^N225|L10|XU|F0,^N225,signal=L10; exit=XU; filter=F0,21.5,15.2,-0.05,0.61,0.48,0.94,,2 (robust)
A reversal,^N225|L10|XU|UP,^N225,signal=L10; exit=XU; filter=UP,9.3,6.4,-0.13,0.54,0.36,0.996,,2 (robust)
A reversal,^N225|L10|XU|DN,^N225,signal=L10; exit=XU; filter=DN,12.9,9.2,0.04,0.29,0.26,0.999,,3 (positive)
A reversal,^N225|L10|X3|F0,^N225,signal=L10; exit=X3; filter=F0,21.3,25.4,-0.05,0.68,0.47,0.945,,2 (robust)
A reversal,^N225|L10|X3|UP,^N225,signal=L10; exit=X3; filter=UP,8.9,10.6,-0.16,0.63,0.36,0.996,,2 (robust)
A reversal,^N225|L10|X3|DN,^N225,signal=L10; exit=X3; filter=DN,13.1,15.5,0.03,0.37,0.32,0.996,,2 (robust)
A reversal,^N225|D15|X1|F0,^N225,signal=D15; exit=X1; filter=F0,17.2,6.8,0.27,0.27,0.18,1.0,,3 (positive)
A reversal,^N225|D15|X1|UP,^N225,signal=D15; exit=X1; filter=UP,7.9,3.1,0.23,0.35,0.21,1.0,,3 (positive)
A reversal,^N225|D15|X1|DN,^N225,signal=D15; exit=X1; filter=DN,9.3,3.7,0.19,0.1,0.08,1.0,,3 (positive)
A reversal,^N225|D15|XU|F0,^N225,signal=D15; exit=XU; filter=F0,14.4,9.8,0.29,0.15,0.05,1.0,,3 (positive)
A reversal,^N225|D15|XU|UP,^N225,signal=D15; exit=XU; filter=UP,6.9,4.6,0.2,0.12,-0.01,1.0,,reject
A reversal,^N225|D15|XU|DN,^N225,signal=D15; exit=XU; filter=DN,7.9,5.5,0.24,0.06,0.03,1.0,,3 (positive)
A reversal,^N225|D15|X3|F0,^N225,signal=D15; exit=X3; filter=F0,14.1,16.8,0.15,0.08,-0.09,1.0,,reject
A reversal,^N225|D15|X3|UP,^N225,signal=D15; exit=X3; filter=UP,6.7,7.9,0.04,0.07,-0.12,1.0,,reject
A reversal,^N225|D15|X3|DN,^N225,signal=D15; exit=X3; filter=DN,7.7,9.2,0.15,-0.01,-0.06,1.0,,reject
A reversal,^AXJO|K2|X1|F0,^AXJO,signal=K2; exit=X1; filter=F0,53.5,21.2,0.07,0.4,0.29,0.999,,3 (positive)
A reversal,^AXJO|K2|X1|UP,^AXJO,signal=K2; exit=X1; filter=UP,33.0,13.1,-0.02,0.39,0.23,1.0,,3 (positive)
A reversal,^AXJO|K2|X1|DN,^AXJO,signal=K2; exit=X1; filter=DN,20.5,8.2,0.1,0.2,0.19,1.0,,3 (positive)
A reversal,^AXJO|K2|XU|F0,^AXJO,signal=K2; exit=XU; filter=F0,29.8,21.3,0.1,0.45,0.34,0.996,,2 (robust)
A reversal,^AXJO|K2|XU|UP,^AXJO,signal=K2; exit=XU; filter=UP,19.5,13.8,0.04,0.33,0.17,1.0,,3 (positive)
A reversal,^AXJO|K2|XU|DN,^AXJO,signal=K2; exit=XU; filter=DN,11.2,8.2,0.11,0.22,0.21,1.0,,3 (positive)
A reversal,^AXJO|K2|X3|F0,^AXJO,signal=K2; exit=X3; filter=F0,32.3,38.4,-0.11,0.34,0.18,1.0,,3 (positive)
A reversal,^AXJO|K2|X3|UP,^AXJO,signal=K2; exit=X3; filter=UP,20.9,24.8,-0.1,0.51,0.26,1.0,,3 (positive)
A reversal,^AXJO|K2|X3|DN,^AXJO,signal=K2; exit=X3; filter=DN,12.2,14.5,0.01,0.03,0.01,1.0,,3 (positive)
A reversal,^AXJO|K3|X1|F0,^AXJO,signal=K3; exit=X1; filter=F0,24.3,9.6,0.16,0.49,0.42,0.985,,2 (robust)
A reversal,^AXJO|K3|X1|UP,^AXJO,signal=K3; exit=X1; filter=UP,13.6,5.4,-0.06,0.37,0.28,0.999,,3 (positive)
A reversal,^AXJO|K3|X1|DN,^AXJO,signal=K3; exit=X1; filter=DN,10.7,4.2,0.22,0.32,0.31,0.999,,2 (robust)
A reversal,^AXJO|K3|XU|F0,^AXJO,signal=K3; exit=XU; filter=F0,13.9,9.7,0.18,0.52,0.45,0.975,,2 (robust)
A reversal,^AXJO|K3|XU|UP,^AXJO,signal=K3; exit=XU; filter=UP,8.5,5.7,0.01,0.31,0.22,1.0,,3 (positive)
A reversal,^AXJO|K3|XU|DN,^AXJO,signal=K3; exit=XU; filter=DN,5.9,4.2,0.23,0.34,0.33,0.997,,2 (robust)
A reversal,^AXJO|K3|X3|F0,^AXJO,signal=K3; exit=X3; filter=F0,14.9,17.7,0.13,0.51,0.4,0.987,,2 (robust)
A reversal,^AXJO|K3|X3|UP,^AXJO,signal=K3; exit=X3; filter=UP,8.8,10.4,-0.02,0.3,0.16,1.0,,3 (positive)
A reversal,^AXJO|K3|X3|DN,^AXJO,signal=K3; exit=X3; filter=DN,6.4,7.7,0.22,0.36,0.35,0.995,,2 (robust)
A reversal,^AXJO|K4|X1|F0,^AXJO,signal=K4; exit=X1; filter=F0,10.7,4.2,0.38,0.19,0.16,1.0,,3 (positive)
A reversal,^AXJO|K4|X1|UP,^AXJO,signal=K4; exit=X1; filter=UP,5.2,2.1,0.25,0.31,0.27,0.999,,3 (positive)
A reversal,^AXJO|K4|X1|DN,^AXJO,signal=K4; exit=X1; filter=DN,5.5,2.2,0.3,0.02,0.01,1.0,,3 (positive)
A reversal,^AXJO|K4|XU|F0,^AXJO,signal=K4; exit=XU; filter=F0,5.9,4.2,0.39,0.21,0.18,1.0,,3 (positive)
A reversal,^AXJO|K4|XU|UP,^AXJO,signal=K4; exit=XU; filter=UP,3.3,2.1,0.28,0.37,0.32,0.996,,3 (positive)
A reversal,^AXJO|K4|XU|DN,^AXJO,signal=K4; exit=XU; filter=DN,2.8,2.2,0.31,0.03,0.02,1.0,,3 (positive)
A reversal,^AXJO|K4|X3|F0,^AXJO,signal=K4; exit=X3; filter=F0,6.4,7.6,0.55,-0.01,-0.06,1.0,,reject
A reversal,^AXJO|K4|X3|UP,^AXJO,signal=K4; exit=X3; filter=UP,3.4,4.0,0.17,-0.05,-0.13,1.0,,reject
A reversal,^AXJO|K4|X3|DN,^AXJO,signal=K4; exit=X3; filter=DN,3.1,3.7,0.57,0.03,0.01,1.0,,3 (positive)
A reversal,^AXJO|K5|X1|F0,^AXJO,signal=K5; exit=X1; filter=F0,4.8,1.9,0.24,0.1,0.08,1.0,,3 (positive)
A reversal,^AXJO|K5|X1|UP,^AXJO,signal=K5; exit=X1; filter=UP,1.9,0.8,0.36,0.38,0.36,0.995,,3 (positive)
A reversal,^AXJO|K5|X1|DN,^AXJO,signal=K5; exit=X1; filter=DN,2.9,1.1,0.1,-0.11,-0.11,1.0,,reject
A reversal,^AXJO|K5|XU|F0,^AXJO,signal=K5; exit=XU; filter=F0,2.7,1.9,0.25,0.11,0.1,1.0,,3 (positive)
A reversal,^AXJO|K5|XU|UP,^AXJO,signal=K5; exit=XU; filter=UP,1.3,0.8,0.37,0.45,0.43,0.962,,3 (positive)
A reversal,^AXJO|K5|XU|DN,^AXJO,signal=K5; exit=XU; filter=DN,1.5,1.1,0.11,-0.1,-0.1,1.0,,reject
A reversal,^AXJO|K5|X3|F0,^AXJO,signal=K5; exit=X3; filter=F0,3.0,3.6,0.2,0.29,0.26,0.999,,3 (positive)
A reversal,^AXJO|K5|X3|UP,^AXJO,signal=K5; exit=X3; filter=UP,1.5,1.7,0.17,0.33,0.28,0.999,,3 (positive)
A reversal,^AXJO|K5|X3|DN,^AXJO,signal=K5; exit=X3; filter=DN,1.7,2.0,0.17,0.11,0.1,1.0,,3 (positive)
A reversal,^AXJO|R5|X1|F0,^AXJO,signal=R5; exit=X1; filter=F0,14.2,5.6,0.31,0.34,0.31,0.999,,2 (robust)
A reversal,^AXJO|R5|X1|UP,^AXJO,signal=R5; exit=X1; filter=UP,6.9,2.7,0.24,0.1,0.04,1.0,,3 (positive)
A reversal,^AXJO|R5|X1|DN,^AXJO,signal=R5; exit=X1; filter=DN,7.3,2.9,0.23,0.35,0.34,0.991,,2 (robust)
A reversal,^AXJO|R5|XU|F0,^AXJO,signal=R5; exit=XU; filter=F0,8.0,5.6,0.33,0.37,0.33,0.996,,3 (positive)
A reversal,^AXJO|R5|XU|UP,^AXJO,signal=R5; exit=XU; filter=UP,4.2,2.9,0.27,-0.05,-0.11,1.0,,reject
A reversal,^AXJO|R5|XU|DN,^AXJO,signal=R5; exit=XU; filter=DN,4.0,2.9,0.24,0.36,0.36,0.987,,3 (positive)
A reversal,^AXJO|R5|X3|F0,^AXJO,signal=R5; exit=X3; filter=F0,8.6,10.2,0.31,0.21,0.16,1.0,,3 (positive)
A reversal,^AXJO|R5|X3|UP,^AXJO,signal=R5; exit=X3; filter=UP,4.5,5.3,0.27,-0.12,-0.2,1.0,,reject
A reversal,^AXJO|R5|X3|DN,^AXJO,signal=R5; exit=X3; filter=DN,4.3,5.2,0.24,0.24,0.23,1.0,,3 (positive)
A reversal,^AXJO|R10|X1|F0,^AXJO,signal=R10; exit=X1; filter=F0,27.2,10.8,0.03,0.3,0.24,1.0,,3 (positive)
A reversal,^AXJO|R10|X1|UP,^AXJO,signal=R10; exit=X1; filter=UP,14.3,5.7,-0.05,0.1,0.0,1.0,,3 (positive)
A reversal,^AXJO|R10|X1|DN,^AXJO,signal=R10; exit=X1; filter=DN,13.0,5.1,0.06,0.29,0.29,0.999,,3 (positive)
A reversal,^AXJO|R10|XU|F0,^AXJO,signal=R10; exit=XU; filter=F0,14.8,10.8,0.06,0.33,0.27,0.999,,3 (positive)
A reversal,^AXJO|R10|XU|UP,^AXJO,signal=R10; exit=XU; filter=UP,8.3,5.9,0.01,0.03,-0.08,1.0,,reject
A reversal,^AXJO|R10|XU|DN,^AXJO,signal=R10; exit=XU; filter=DN,6.9,5.1,0.08,0.31,0.3,0.999,,3 (positive)
A reversal,^AXJO|R10|X3|F0,^AXJO,signal=R10; exit=X3; filter=F0,15.7,18.7,0.08,0.26,0.19,1.0,,3 (positive)
A reversal,^AXJO|R10|X3|UP,^AXJO,signal=R10; exit=X3; filter=UP,8.7,10.4,0.01,0.17,0.02,1.0,,3 (positive)
A reversal,^AXJO|R10|X3|DN,^AXJO,signal=R10; exit=X3; filter=DN,7.2,8.6,0.13,0.17,0.16,1.0,,3 (positive)
A reversal,^AXJO|R20|X1|F0,^AXJO,signal=R20; exit=X1; filter=F0,50.8,20.2,0.16,0.3,0.21,1.0,,3 (positive)
A reversal,^AXJO|R20|X1|UP,^AXJO,signal=R20; exit=X1; filter=UP,29.3,11.6,0.22,0.28,0.14,1.0,,3 (positive)
A reversal,^AXJO|R20|X1|DN,^AXJO,signal=R20; exit=X1; filter=DN,21.5,8.5,0.05,0.17,0.17,1.0,,3 (positive)
A reversal,^AXJO|R20|XU|F0,^AXJO,signal=R20; exit=XU; filter=F0,28.2,20.2,0.2,0.34,0.26,1.0,,3 (positive)
A reversal,^AXJO|R20|XU|UP,^AXJO,signal=R20; exit=XU; filter=UP,17.6,12.4,0.25,0.22,0.08,1.0,,3 (positive)
A reversal,^AXJO|R20|XU|DN,^AXJO,signal=R20; exit=XU; filter=DN,11.6,8.5,0.07,0.2,0.19,1.0,,3 (positive)
A reversal,^AXJO|R20|X3|F0,^AXJO,signal=R20; exit=X3; filter=F0,27.6,32.9,0.34,0.17,0.04,1.0,,3 (positive)
A reversal,^AXJO|R20|X3|UP,^AXJO,signal=R20; exit=X3; filter=UP,17.1,20.3,0.2,0.35,0.15,1.0,,3 (positive)
A reversal,^AXJO|R20|X3|DN,^AXJO,signal=R20; exit=X3; filter=DN,11.4,13.6,0.28,0.05,0.03,1.0,,3 (positive)
A reversal,^AXJO|I10|X1|F0,^AXJO,signal=I10; exit=X1; filter=F0,26.4,10.5,0.31,0.36,0.3,0.999,,3 (positive)
A reversal,^AXJO|I10|X1|UP,^AXJO,signal=I10; exit=X1; filter=UP,16.9,6.7,0.41,0.03,-0.09,1.0,,reject
A reversal,^AXJO|I10|X1|DN,^AXJO,signal=I10; exit=X1; filter=DN,9.6,3.8,0.09,0.41,0.41,0.969,,3 (positive)
A reversal,^AXJO|I10|XU|F0,^AXJO,signal=I10; exit=XU; filter=F0,21.5,15.3,0.15,0.28,0.2,1.0,,3 (positive)
A reversal,^AXJO|I10|XU|UP,^AXJO,signal=I10; exit=XU; filter=UP,14.1,9.9,0.25,0.05,-0.1,1.0,,reject
A reversal,^AXJO|I10|XU|DN,^AXJO,signal=I10; exit=XU; filter=DN,7.6,5.6,0.04,0.31,0.31,0.996,,3 (positive)
A reversal,^AXJO|I10|X3|F0,^AXJO,signal=I10; exit=X3; filter=F0,20.7,24.6,0.18,0.33,0.21,1.0,,3 (positive)
A reversal,^AXJO|I10|X3|UP,^AXJO,signal=I10; exit=X3; filter=UP,13.6,16.1,0.22,0.12,-0.08,1.0,,reject
A reversal,^AXJO|I10|X3|DN,^AXJO,signal=I10; exit=X3; filter=DN,7.2,8.6,0.08,0.33,0.32,0.999,,3 (positive)
A reversal,^AXJO|I25|X1|F0,^AXJO,signal=I25; exit=X1; filter=F0,53.8,21.4,0.43,0.35,0.24,1.0,,3 (positive)
A reversal,^AXJO|I25|X1|UP,^AXJO,signal=I25; exit=X1; filter=UP,34.6,13.7,0.42,0.07,-0.11,1.0,,reject
A reversal,^AXJO|I25|X1|DN,^AXJO,signal=I25; exit=X1; filter=DN,19.2,7.6,0.23,0.38,0.37,0.987,,3 (positive)
A reversal,^AXJO|I25|XU|F0,^AXJO,signal=I25; exit=XU; filter=F0,38.4,27.0,0.34,0.44,0.32,0.999,,2 (robust)
A reversal,^AXJO|I25|XU|UP,^AXJO,signal=I25; exit=XU; filter=UP,25.7,17.7,0.44,0.21,0.01,1.0,,3 (positive)
A reversal,^AXJO|I25|XU|DN,^AXJO,signal=I25; exit=XU; filter=DN,13.6,9.9,0.14,0.38,0.38,0.988,,2 (robust)
A reversal,^AXJO|I25|X3|F0,^AXJO,signal=I25; exit=X3; filter=F0,34.9,41.6,0.31,0.52,0.35,0.997,,2 (robust)
A reversal,^AXJO|I25|X3|UP,^AXJO,signal=I25; exit=X3; filter=UP,23.2,27.7,0.34,0.29,0.01,1.0,,3 (positive)
A reversal,^AXJO|I25|X3|DN,^AXJO,signal=I25; exit=X3; filter=DN,12.5,14.8,0.2,0.37,0.36,0.996,,2 (robust)
A reversal,^AXJO|L5|X1|F0,^AXJO,signal=L5; exit=X1; filter=F0,58.3,23.1,0.05,0.25,0.15,1.0,,3 (positive)
A reversal,^AXJO|L5|X1|UP,^AXJO,signal=L5; exit=X1; filter=UP,34.5,13.7,-0.03,0.1,-0.06,1.0,,reject
A reversal,^AXJO|L5|X1|DN,^AXJO,signal=L5; exit=X1; filter=DN,23.8,9.4,0.09,0.24,0.23,1.0,,3 (positive)
A reversal,^AXJO|L5|XU|F0,^AXJO,signal=L5; exit=XU; filter=F0,32.1,23.1,0.1,0.3,0.2,1.0,,3 (positive)
A reversal,^AXJO|L5|XU|UP,^AXJO,signal=L5; exit=XU; filter=UP,20.2,14.5,-0.02,0.06,-0.1,1.0,,reject
A reversal,^AXJO|L5|XU|DN,^AXJO,signal=L5; exit=XU; filter=DN,13.0,9.4,0.11,0.26,0.25,0.999,,3 (positive)
A reversal,^AXJO|L5|X3|F0,^AXJO,signal=L5; exit=X3; filter=F0,32.1,38.3,0.23,0.17,0.02,1.0,,3 (positive)
A reversal,^AXJO|L5|X3|UP,^AXJO,signal=L5; exit=X3; filter=UP,20.1,23.9,0.14,0.23,-0.0,1.0,,reject
A reversal,^AXJO|L5|X3|DN,^AXJO,signal=L5; exit=X3; filter=DN,13.1,15.5,0.18,-0.06,-0.07,1.0,,reject
A reversal,^AXJO|L10|X1|F0,^AXJO,signal=L10; exit=X1; filter=F0,36.8,14.6,0.1,0.34,0.27,0.999,,3 (positive)
A reversal,^AXJO|L10|X1|UP,^AXJO,signal=L10; exit=X1; filter=UP,19.6,7.8,0.05,0.26,0.14,1.0,,3 (positive)
A reversal,^AXJO|L10|X1|DN,^AXJO,signal=L10; exit=X1; filter=DN,17.2,6.8,0.09,0.24,0.23,0.999,,3 (positive)
A reversal,^AXJO|L10|XU|F0,^AXJO,signal=L10; exit=XU; filter=F0,20.6,14.6,0.13,0.37,0.3,0.996,,2 (robust)
A reversal,^AXJO|L10|XU|UP,^AXJO,signal=L10; exit=XU; filter=UP,11.7,8.3,0.02,0.16,0.04,1.0,,3 (positive)
A reversal,^AXJO|L10|XU|DN,^AXJO,signal=L10; exit=XU; filter=DN,9.5,6.8,0.11,0.26,0.25,0.999,,3 (positive)
A reversal,^AXJO|L10|X3|F0,^AXJO,signal=L10; exit=X3; filter=F0,20.5,24.4,0.12,0.23,0.14,1.0,,3 (positive)
A reversal,^AXJO|L10|X3|UP,^AXJO,signal=L10; exit=X3; filter=UP,11.6,13.8,-0.04,0.22,0.05,1.0,,3 (positive)
A reversal,^AXJO|L10|X3|DN,^AXJO,signal=L10; exit=X3; filter=DN,9.5,11.3,0.14,0.01,-0.01,1.0,,reject
A reversal,^AXJO|D15|X1|F0,^AXJO,signal=D15; exit=X1; filter=F0,17.1,6.8,0.31,0.02,-0.03,1.0,,reject
A reversal,^AXJO|D15|X1|UP,^AXJO,signal=D15; exit=X1; filter=UP,10.0,4.0,0.24,-0.15,-0.22,1.0,,reject
A reversal,^AXJO|D15|X1|DN,^AXJO,signal=D15; exit=X1; filter=DN,7.1,2.8,0.21,0.12,0.12,1.0,,3 (positive)
A reversal,^AXJO|D15|XU|F0,^AXJO,signal=D15; exit=XU; filter=F0,14.4,10.2,0.21,0.16,0.1,1.0,,3 (positive)
A reversal,^AXJO|D15|XU|UP,^AXJO,signal=D15; exit=XU; filter=UP,8.8,6.2,0.11,-0.1,-0.2,1.0,,reject
A reversal,^AXJO|D15|XU|DN,^AXJO,signal=D15; exit=XU; filter=DN,6.0,4.3,0.15,0.23,0.22,0.999,,3 (positive)
A reversal,^AXJO|D15|X3|F0,^AXJO,signal=D15; exit=X3; filter=F0,14.1,16.7,0.19,-0.07,-0.15,1.0,,reject
A reversal,^AXJO|D15|X3|UP,^AXJO,signal=D15; exit=X3; filter=UP,8.5,10.2,0.05,0.03,-0.1,1.0,,reject
A reversal,^AXJO|D15|X3|DN,^AXJO,signal=D15; exit=X3; filter=DN,5.9,7.1,0.18,-0.13,-0.14,1.0,,reject
B intraday momentum,NSXUSD|L14|b0.8|g30|flip,NSXUSD,lookback=14; band=0.8; grid=30min; exit=flip,,,0.05,0.54,,0.825,0.15,2 (robust)
B intraday momentum,NSXUSD|L14|b0.8|g30|twap_stop,NSXUSD,lookback=14; band=0.8; grid=30min; exit=twap_stop,,,0.39,0.69,,0.584,-0.68,3 (positive)
B intraday momentum,NSXUSD|L14|b0.8|g60|flip,NSXUSD,lookback=14; band=0.8; grid=60min; exit=flip,,,0.18,0.6,,0.703,0.51,2 (robust)
B intraday momentum,NSXUSD|L14|b0.8|g60|twap_stop,NSXUSD,lookback=14; band=0.8; grid=60min; exit=twap_stop,,,0.45,0.79,,0.473,-0.66,3 (positive)
B intraday momentum,NSXUSD|L14|b1.25|g30|flip,NSXUSD,lookback=14; band=1.25; grid=30min; exit=flip,,,0.51,0.72,,0.685,1.08,2 (robust)
B intraday momentum,NSXUSD|L14|b1.25|g30|twap_stop,NSXUSD,lookback=14; band=1.25; grid=30min; exit=twap_stop,,,0.75,0.55,,0.906,0.22,2 (robust)
B intraday momentum,NSXUSD|L14|b1.25|g60|flip,NSXUSD,lookback=14; band=1.25; grid=60min; exit=flip,,,0.38,0.68,,0.815,0.81,2 (robust)
B intraday momentum,NSXUSD|L14|b1.25|g60|twap_stop,NSXUSD,lookback=14; band=1.25; grid=60min; exit=twap_stop,,,0.54,0.64,,0.863,-0.19,3 (positive)
B intraday momentum,NSXUSD|L14|b1|g30|flip,NSXUSD,lookback=14; band=1; grid=30min; exit=flip,,,0.28,0.65,,0.71,0.7,2 (robust)
B intraday momentum,NSXUSD|L14|b1|g30|twap_stop,NSXUSD,lookback=14; band=1; grid=30min; exit=twap_stop,,,0.65,0.57,,0.907,0.31,2 (robust)
B intraday momentum,NSXUSD|L14|b1|g60|flip,NSXUSD,lookback=14; band=1; grid=60min; exit=flip,,,0.15,0.8,,0.528,0.91,2 (robust)
B intraday momentum,NSXUSD|L14|b1|g60|twap_stop,NSXUSD,lookback=14; band=1; grid=60min; exit=twap_stop,,,0.5,0.73,,0.724,0.39,2 (robust)
B intraday momentum,NSXUSD|L28|b0.8|g30|flip,NSXUSD,lookback=28; band=0.8; grid=30min; exit=flip,,,-0.02,0.42,,0.967,0.14,2 (robust)
B intraday momentum,NSXUSD|L28|b0.8|g30|twap_stop,NSXUSD,lookback=28; band=0.8; grid=30min; exit=twap_stop,,,0.43,0.42,,0.974,-0.57,3 (positive)
B intraday momentum,NSXUSD|L28|b0.8|g60|flip,NSXUSD,lookback=28; band=0.8; grid=60min; exit=flip,,,0.21,0.57,,0.805,-0.09,3 (positive)
B intraday momentum,NSXUSD|L28|b0.8|g60|twap_stop,NSXUSD,lookback=28; band=0.8; grid=60min; exit=twap_stop,,,0.51,0.59,,0.874,-0.55,3 (positive)
B intraday momentum,NSXUSD|L28|b1.25|g30|flip,NSXUSD,lookback=28; band=1.25; grid=30min; exit=flip,,,0.46,0.88,,0.391,0.27,2 (robust)
B intraday momentum,NSXUSD|L28|b1.25|g30|twap_stop,NSXUSD,lookback=28; band=1.25; grid=30min; exit=twap_stop,,,0.94,0.45,,0.976,-0.74,3 (positive)
B intraday momentum,NSXUSD|L28|b1.25|g60|flip,NSXUSD,lookback=28; band=1.25; grid=60min; exit=flip,,,0.27,0.81,,0.43,0.77,2 (robust)
B intraday momentum,NSXUSD|L28|b1.25|g60|twap_stop,NSXUSD,lookback=28; band=1.25; grid=60min; exit=twap_stop,,,0.51,0.55,,0.905,-0.77,3 (positive)
B intraday momentum,NSXUSD|L28|b1|g30|flip,NSXUSD,lookback=28; band=1; grid=30min; exit=flip,,,0.32,0.71,,0.558,0.24,2 (robust)
B intraday momentum,NSXUSD|L28|b1|g30|twap_stop,NSXUSD,lookback=28; band=1; grid=30min; exit=twap_stop,,,0.84,0.57,,0.874,-0.5,3 (positive)
B intraday momentum,NSXUSD|L28|b1|g60|flip,NSXUSD,lookback=28; band=1; grid=60min; exit=flip,,,0.17,0.5,,0.884,0.38,2 (robust)
B intraday momentum,NSXUSD|L28|b1|g60|twap_stop,NSXUSD,lookback=28; band=1; grid=60min; exit=twap_stop,,,0.57,0.58,,0.869,-0.34,3 (positive)
B intraday momentum,NSXUSD|L7|b0.8|g30|flip,NSXUSD,lookback=7; band=0.8; grid=30min; exit=flip,,,-0.07,0.71,,0.588,0.06,2 (robust)
B intraday momentum,NSXUSD|L7|b0.8|g30|twap_stop,NSXUSD,lookback=7; band=0.8; grid=30min; exit=twap_stop,,,0.19,0.78,,0.599,-1.17,3 (positive)
B intraday momentum,NSXUSD|L7|b0.8|g60|flip,NSXUSD,lookback=7; band=0.8; grid=60min; exit=flip,,,0.09,0.77,,0.564,0.43,2 (robust)
B intraday momentum,NSXUSD|L7|b0.8|g60|twap_stop,NSXUSD,lookback=7; band=0.8; grid=60min; exit=twap_stop,,,0.33,0.73,,0.68,-0.5,3 (positive)
B intraday momentum,NSXUSD|L7|b1.25|g30|flip,NSXUSD,lookback=7; band=1.25; grid=30min; exit=flip,,,0.44,0.97,,0.256,-0.03,3 (positive)
B intraday momentum,NSXUSD|L7|b1.25|g30|twap_stop,NSXUSD,lookback=7; band=1.25; grid=30min; exit=twap_stop,,,0.72,0.3,,0.998,-1.96,3 (positive)
B intraday momentum,NSXUSD|L7|b1.25|g60|flip,NSXUSD,lookback=7; band=1.25; grid=60min; exit=flip,,,0.42,0.87,,0.412,0.53,2 (robust)
B intraday momentum,NSXUSD|L7|b1.25|g60|twap_stop,NSXUSD,lookback=7; band=1.25; grid=60min; exit=twap_stop,,,0.54,0.42,,0.977,-1.04,3 (positive)
B intraday momentum,NSXUSD|L7|b1|g30|flip,NSXUSD,lookback=7; band=1; grid=30min; exit=flip,,,0.18,0.78,,0.517,0.51,2 (robust)
B intraday momentum,NSXUSD|L7|b1|g30|twap_stop,NSXUSD,lookback=7; band=1; grid=30min; exit=twap_stop,,,0.61,0.81,,0.569,-1.14,3 (positive)
B intraday momentum,NSXUSD|L7|b1|g60|flip,NSXUSD,lookback=7; band=1; grid=60min; exit=flip,,,0.2,0.8,,0.476,0.53,2 (robust)
B intraday momentum,NSXUSD|L7|b1|g60|twap_stop,NSXUSD,lookback=7; band=1; grid=60min; exit=twap_stop,,,0.44,0.69,,0.815,-0.5,3 (positive)
B intraday momentum,SPXUSD|L14|b0.8|g30|flip,SPXUSD,lookback=14; band=0.8; grid=30min; exit=flip,,,-0.1,0.34,,0.99,-0.9,3 (positive)
B intraday momentum,SPXUSD|L14|b0.8|g30|twap_stop,SPXUSD,lookback=14; band=0.8; grid=30min; exit=twap_stop,,,0.05,0.36,,0.986,-1.55,3 (positive)
B intraday momentum,SPXUSD|L14|b0.8|g60|flip,SPXUSD,lookback=14; band=0.8; grid=60min; exit=flip,,,0.14,0.32,,0.99,-0.83,3 (positive)
B intraday momentum,SPXUSD|L14|b0.8|g60|twap_stop,SPXUSD,lookback=14; band=0.8; grid=60min; exit=twap_stop,,,0.58,0.25,,0.998,-2.25,3 (positive)
B intraday momentum,SPXUSD|L14|b1.25|g30|flip,SPXUSD,lookback=14; band=1.25; grid=30min; exit=flip,,,-0.04,0.45,,0.96,-1.12,3 (positive)
B intraday momentum,SPXUSD|L14|b1.25|g30|twap_stop,SPXUSD,lookback=14; band=1.25; grid=30min; exit=twap_stop,,,0.13,0.5,,0.957,-2.07,3 (positive)
B intraday momentum,SPXUSD|L14|b1.25|g60|flip,SPXUSD,lookback=14; band=1.25; grid=60min; exit=flip,,,-0.09,0.42,,0.975,-0.76,3 (positive)
B intraday momentum,SPXUSD|L14|b1.25|g60|twap_stop,SPXUSD,lookback=14; band=1.25; grid=60min; exit=twap_stop,,,0.37,0.35,,0.99,-1.9,3 (positive)
B intraday momentum,SPXUSD|L14|b1|g30|flip,SPXUSD,lookback=14; band=1; grid=30min; exit=flip,,,-0.16,0.41,,0.974,-0.93,3 (positive)
B intraday momentum,SPXUSD|L14|b1|g30|twap_stop,SPXUSD,lookback=14; band=1; grid=30min; exit=twap_stop,,,-0.13,0.52,,0.898,-1.7,3 (positive)
B intraday momentum,SPXUSD|L14|b1|g60|flip,SPXUSD,lookback=14; band=1; grid=60min; exit=flip,,,0.04,0.47,,0.938,-1.3,3 (positive)
B intraday momentum,SPXUSD|L14|b1|g60|twap_stop,SPXUSD,lookback=14; band=1; grid=60min; exit=twap_stop,,,0.29,0.66,,0.74,-2.43,3 (positive)
B intraday momentum,SPXUSD|L28|b0.8|g30|flip,SPXUSD,lookback=28; band=0.8; grid=30min; exit=flip,,,-0.07,0.28,,0.998,-0.62,3 (positive)
B intraday momentum,SPXUSD|L28|b0.8|g30|twap_stop,SPXUSD,lookback=28; band=0.8; grid=30min; exit=twap_stop,,,0.1,0.51,,0.905,-1.46,3 (positive)
B intraday momentum,SPXUSD|L28|b0.8|g60|flip,SPXUSD,lookback=28; band=0.8; grid=60min; exit=flip,,,0.01,0.58,,0.845,-0.49,3 (positive)
B intraday momentum,SPXUSD|L28|b0.8|g60|twap_stop,SPXUSD,lookback=28; band=0.8; grid=60min; exit=twap_stop,,,0.6,0.49,,0.906,-2.1,3 (positive)
B intraday momentum,SPXUSD|L28|b1.25|g30|flip,SPXUSD,lookback=28; band=1.25; grid=30min; exit=flip,,,0.07,0.45,,0.972,-0.59,3 (positive)
B intraday momentum,SPXUSD|L28|b1.25|g30|twap_stop,SPXUSD,lookback=28; band=1.25; grid=30min; exit=twap_stop,,,0.23,0.33,,0.989,-1.35,3 (positive)
B intraday momentum,SPXUSD|L28|b1.25|g60|flip,SPXUSD,lookback=28; band=1.25; grid=60min; exit=flip,,,0.19,0.57,,0.875,-0.5,3 (positive)
B intraday momentum,SPXUSD|L28|b1.25|g60|twap_stop,SPXUSD,lookback=28; band=1.25; grid=60min; exit=twap_stop,,,0.48,0.55,,0.884,-1.4,3 (positive)
B intraday momentum,SPXUSD|L28|b1|g30|flip,SPXUSD,lookback=28; band=1; grid=30min; exit=flip,,,0.05,0.39,,0.986,-1.02,3 (positive)
B intraday momentum,SPXUSD|L28|b1|g30|twap_stop,SPXUSD,lookback=28; band=1; grid=30min; exit=twap_stop,,,0.24,0.56,,0.886,-1.3,3 (positive)
B intraday momentum,SPXUSD|L28|b1|g60|flip,SPXUSD,lookback=28; band=1; grid=60min; exit=flip,,,0.15,0.54,,0.886,-1.28,3 (positive)
B intraday momentum,SPXUSD|L28|b1|g60|twap_stop,SPXUSD,lookback=28; band=1; grid=60min; exit=twap_stop,,,0.4,0.56,,0.872,-2.19,3 (positive)
B intraday momentum,SPXUSD|L7|b0.8|g30|flip,SPXUSD,lookback=7; band=0.8; grid=30min; exit=flip,,,-0.24,0.54,,0.885,-1.29,3 (positive)
B intraday momentum,SPXUSD|L7|b0.8|g30|twap_stop,SPXUSD,lookback=7; band=0.8; grid=30min; exit=twap_stop,,,-0.05,0.42,,0.967,-2.25,3 (positive)
B intraday momentum,SPXUSD|L7|b0.8|g60|flip,SPXUSD,lookback=7; band=0.8; grid=60min; exit=flip,,,-0.03,0.49,,0.906,-1.29,3 (positive)
B intraday momentum,SPXUSD|L7|b0.8|g60|twap_stop,SPXUSD,lookback=7; band=0.8; grid=60min; exit=twap_stop,,,0.37,0.37,,0.983,-2.64,3 (positive)
B intraday momentum,SPXUSD|L7|b1.25|g30|flip,SPXUSD,lookback=7; band=1.25; grid=30min; exit=flip,,,0.01,0.39,,0.981,-0.42,3 (positive)
B intraday momentum,SPXUSD|L7|b1.25|g30|twap_stop,SPXUSD,lookback=7; band=1.25; grid=30min; exit=twap_stop,,,0.44,0.18,,0.999,-1.78,3 (positive)
B intraday momentum,SPXUSD|L7|b1.25|g60|flip,SPXUSD,lookback=7; band=1.25; grid=60min; exit=flip,,,0.21,0.36,,0.989,-0.36,3 (positive)
B intraday momentum,SPXUSD|L7|b1.25|g60|twap_stop,SPXUSD,lookback=7; band=1.25; grid=60min; exit=twap_stop,,,0.78,0.27,,0.999,-1.19,3 (positive)
B intraday momentum,SPXUSD|L7|b1|g30|flip,SPXUSD,lookback=7; band=1; grid=30min; exit=flip,,,-0.26,0.54,,0.882,-0.66,3 (positive)
B intraday momentum,SPXUSD|L7|b1|g30|twap_stop,SPXUSD,lookback=7; band=1; grid=30min; exit=twap_stop,,,0.16,0.48,,0.967,-1.61,3 (positive)
B intraday momentum,SPXUSD|L7|b1|g60|flip,SPXUSD,lookback=7; band=1; grid=60min; exit=flip,,,0.14,0.48,,0.92,-0.25,3 (positive)
B intraday momentum,SPXUSD|L7|b1|g60|twap_stop,SPXUSD,lookback=7; band=1; grid=60min; exit=twap_stop,,,0.46,0.23,,0.999,-1.68,3 (positive)
B intraday momentum,GRXEUR|L14|b0.8|g30|flip,GRXEUR,lookback=14; band=0.8; grid=30min; exit=flip,,,0.15,-0.29,,1.0,-0.29,reject
B intraday momentum,GRXEUR|L14|b0.8|g30|twap_stop,GRXEUR,lookback=14; band=0.8; grid=30min; exit=twap_stop,,,-0.23,-0.51,,1.0,-0.4,reject
B intraday momentum,GRXEUR|L14|b0.8|g60|flip,GRXEUR,lookback=14; band=0.8; grid=60min; exit=flip,,,0.04,0.06,,1.0,-0.56,3 (positive)
B intraday momentum,GRXEUR|L14|b0.8|g60|twap_stop,GRXEUR,lookback=14; band=0.8; grid=60min; exit=twap_stop,,,-0.25,-0.09,,1.0,-1.99,reject
B intraday momentum,GRXEUR|L14|b1.25|g30|flip,GRXEUR,lookback=14; band=1.25; grid=30min; exit=flip,,,0.25,0.04,,1.0,0.37,3 (positive)
B intraday momentum,GRXEUR|L14|b1.25|g30|twap_stop,GRXEUR,lookback=14; band=1.25; grid=30min; exit=twap_stop,,,0.16,-0.24,,1.0,-0.8,reject
B intraday momentum,GRXEUR|L14|b1.25|g60|flip,GRXEUR,lookback=14; band=1.25; grid=60min; exit=flip,,,0.26,0.15,,0.999,-0.12,3 (positive)
B intraday momentum,GRXEUR|L14|b1.25|g60|twap_stop,GRXEUR,lookback=14; band=1.25; grid=60min; exit=twap_stop,,,0.29,0.01,,1.0,-1.81,3 (positive)
B intraday momentum,GRXEUR|L14|b1|g30|flip,GRXEUR,lookback=14; band=1; grid=30min; exit=flip,,,0.08,-0.06,,1.0,-0.04,reject
B intraday momentum,GRXEUR|L14|b1|g30|twap_stop,GRXEUR,lookback=14; band=1; grid=30min; exit=twap_stop,,,-0.13,-0.44,,1.0,-0.75,reject
B intraday momentum,GRXEUR|L14|b1|g60|flip,GRXEUR,lookback=14; band=1; grid=60min; exit=flip,,,0.33,0.07,,1.0,-0.58,3 (positive)
B intraday momentum,GRXEUR|L14|b1|g60|twap_stop,GRXEUR,lookback=14; band=1; grid=60min; exit=twap_stop,,,-0.0,-0.16,,1.0,-2.05,reject
B intraday momentum,GRXEUR|L28|b0.8|g30|flip,GRXEUR,lookback=28; band=0.8; grid=30min; exit=flip,,,0.18,-0.44,,1.0,-1.0,reject
B intraday momentum,GRXEUR|L28|b0.8|g30|twap_stop,GRXEUR,lookback=28; band=0.8; grid=30min; exit=twap_stop,,,-0.01,-0.65,,1.0,-1.21,reject
B intraday momentum,GRXEUR|L28|b0.8|g60|flip,GRXEUR,lookback=28; band=0.8; grid=60min; exit=flip,,,0.12,-0.02,,1.0,-0.72,reject
B intraday momentum,GRXEUR|L28|b0.8|g60|twap_stop,GRXEUR,lookback=28; band=0.8; grid=60min; exit=twap_stop,,,-0.01,-0.17,,1.0,-1.89,reject
B intraday momentum,GRXEUR|L28|b1.25|g30|flip,GRXEUR,lookback=28; band=1.25; grid=30min; exit=flip,,,0.25,0.1,,1.0,0.47,3 (positive)
B intraday momentum,GRXEUR|L28|b1.25|g30|twap_stop,GRXEUR,lookback=28; band=1.25; grid=30min; exit=twap_stop,,,-0.16,-0.25,,1.0,-0.55,reject
B intraday momentum,GRXEUR|L28|b1.25|g60|flip,GRXEUR,lookback=28; band=1.25; grid=60min; exit=flip,,,0.24,0.34,,0.998,0.82,2 (robust)
B intraday momentum,GRXEUR|L28|b1.25|g60|twap_stop,GRXEUR,lookback=28; band=1.25; grid=60min; exit=twap_stop,,,0.1,0.1,,1.0,-0.8,3 (positive)
B intraday momentum,GRXEUR|L28|b1|g30|flip,GRXEUR,lookback=28; band=1; grid=30min; exit=flip,,,0.03,-0.04,,1.0,0.86,reject
B intraday momentum,GRXEUR|L28|b1|g30|twap_stop,GRXEUR,lookback=28; band=1; grid=30min; exit=twap_stop,,,-0.14,-0.29,,1.0,-0.65,reject
B intraday momentum,GRXEUR|L28|b1|g60|flip,GRXEUR,lookback=28; band=1; grid=60min; exit=flip,,,0.27,0.3,,0.998,0.4,2 (robust)
B intraday momentum,GRXEUR|L28|b1|g60|twap_stop,GRXEUR,lookback=28; band=1; grid=60min; exit=twap_stop,,,0.01,0.27,,0.998,-1.52,3 (positive)
B intraday momentum,GRXEUR|L7|b0.8|g30|flip,GRXEUR,lookback=7; band=0.8; grid=30min; exit=flip,,,0.22,-0.35,,1.0,0.03,reject
B intraday momentum,GRXEUR|L7|b0.8|g30|twap_stop,GRXEUR,lookback=7; band=0.8; grid=30min; exit=twap_stop,,,-0.33,-0.66,,1.0,-0.83,reject
B intraday momentum,GRXEUR|L7|b0.8|g60|flip,GRXEUR,lookback=7; band=0.8; grid=60min; exit=flip,,,0.14,-0.12,,1.0,-0.83,reject
B intraday momentum,GRXEUR|L7|b0.8|g60|twap_stop,GRXEUR,lookback=7; band=0.8; grid=60min; exit=twap_stop,,,-0.18,-0.24,,1.0,-2.3,reject
B intraday momentum,GRXEUR|L7|b1.25|g30|flip,GRXEUR,lookback=7; band=1.25; grid=30min; exit=flip,,,0.05,-0.04,,1.0,-0.06,reject
B intraday momentum,GRXEUR|L7|b1.25|g30|twap_stop,GRXEUR,lookback=7; band=1.25; grid=30min; exit=twap_stop,,,-0.27,-0.35,,1.0,-0.3,reject
B intraday momentum,GRXEUR|L7|b1.25|g60|flip,GRXEUR,lookback=7; band=1.25; grid=60min; exit=flip,,,0.08,0.2,,0.999,-0.5,3 (positive)
B intraday momentum,GRXEUR|L7|b1.25|g60|twap_stop,GRXEUR,lookback=7; band=1.25; grid=60min; exit=twap_stop,,,-0.18,0.01,,1.0,-1.38,3 (positive)
B intraday momentum,GRXEUR|L7|b1|g30|flip,GRXEUR,lookback=7; band=1; grid=30min; exit=flip,,,0.12,-0.17,,1.0,-0.3,reject
B intraday momentum,GRXEUR|L7|b1|g30|twap_stop,GRXEUR,lookback=7; band=1; grid=30min; exit=twap_stop,,,-0.22,-0.46,,1.0,-0.79,reject
B intraday momentum,GRXEUR|L7|b1|g60|flip,GRXEUR,lookback=7; band=1; grid=60min; exit=flip,,,-0.0,0.02,,1.0,-1.27,3 (positive)
B intraday momentum,GRXEUR|L7|b1|g60|twap_stop,GRXEUR,lookback=7; band=1; grid=60min; exit=twap_stop,,,-0.12,-0.18,,1.0,-2.04,reject
B intraday momentum,FRXEUR|L14|b0.8|g30|flip,FRXEUR,lookback=14; band=0.8; grid=30min; exit=flip,,,-0.46,-0.94,,1.0,-1.02,reject
B intraday momentum,FRXEUR|L14|b0.8|g30|twap_stop,FRXEUR,lookback=14; band=0.8; grid=30min; exit=twap_stop,,,-0.79,-1.41,,1.0,-0.69,reject
B intraday momentum,FRXEUR|L14|b0.8|g60|flip,FRXEUR,lookback=14; band=0.8; grid=60min; exit=flip,,,-0.6,-0.85,,1.0,-0.84,reject
B intraday momentum,FRXEUR|L14|b0.8|g60|twap_stop,FRXEUR,lookback=14; band=0.8; grid=60min; exit=twap_stop,,,-0.89,-0.99,,1.0,-0.45,reject
B intraday momentum,FRXEUR|L14|b1.25|g30|flip,FRXEUR,lookback=14; band=1.25; grid=30min; exit=flip,,,-0.36,-0.75,,1.0,-0.88,reject
B intraday momentum,FRXEUR|L14|b1.25|g30|twap_stop,FRXEUR,lookback=14; band=1.25; grid=30min; exit=twap_stop,,,-0.26,-1.07,,1.0,-0.57,reject
B intraday momentum,FRXEUR|L14|b1.25|g60|flip,FRXEUR,lookback=14; band=1.25; grid=60min; exit=flip,,,-0.32,-0.54,,1.0,-0.61,reject
B intraday momentum,FRXEUR|L14|b1.25|g60|twap_stop,FRXEUR,lookback=14; band=1.25; grid=60min; exit=twap_stop,,,-0.23,-0.58,,1.0,-0.5,reject
B intraday momentum,FRXEUR|L14|b1|g30|flip,FRXEUR,lookback=14; band=1; grid=30min; exit=flip,,,-0.44,-0.9,,1.0,-1.12,reject
B intraday momentum,FRXEUR|L14|b1|g30|twap_stop,FRXEUR,lookback=14; band=1; grid=30min; exit=twap_stop,,,-0.51,-1.33,,1.0,-0.82,reject
B intraday momentum,FRXEUR|L14|b1|g60|flip,FRXEUR,lookback=14; band=1; grid=60min; exit=flip,,,-0.65,-0.64,,1.0,-1.05,reject
B intraday momentum,FRXEUR|L14|b1|g60|twap_stop,FRXEUR,lookback=14; band=1; grid=60min; exit=twap_stop,,,-0.38,-0.89,,1.0,-0.5,reject
B intraday momentum,FRXEUR|L28|b0.8|g30|flip,FRXEUR,lookback=28; band=0.8; grid=30min; exit=flip,,,-0.27,-0.79,,1.0,-1.15,reject
B intraday momentum,FRXEUR|L28|b0.8|g30|twap_stop,FRXEUR,lookback=28; band=0.8; grid=30min; exit=twap_stop,,,-0.76,-1.16,,1.0,-0.92,reject
B intraday momentum,FRXEUR|L28|b0.8|g60|flip,FRXEUR,lookback=28; band=0.8; grid=60min; exit=flip,,,-0.37,-0.74,,1.0,-1.43,reject
B intraday momentum,FRXEUR|L28|b0.8|g60|twap_stop,FRXEUR,lookback=28; band=0.8; grid=60min; exit=twap_stop,,,-0.78,-0.8,,1.0,-1.21,reject
B intraday momentum,FRXEUR|L28|b1.25|g30|flip,FRXEUR,lookback=28; band=1.25; grid=30min; exit=flip,,,-0.22,-0.89,,1.0,-0.76,reject
B intraday momentum,FRXEUR|L28|b1.25|g30|twap_stop,FRXEUR,lookback=28; band=1.25; grid=30min; exit=twap_stop,,,-0.4,-1.14,,1.0,-1.53,reject
B intraday momentum,FRXEUR|L28|b1.25|g60|flip,FRXEUR,lookback=28; band=1.25; grid=60min; exit=flip,,,-0.46,-0.63,,1.0,-0.63,reject
B intraday momentum,FRXEUR|L28|b1.25|g60|twap_stop,FRXEUR,lookback=28; band=1.25; grid=60min; exit=twap_stop,,,-0.25,-0.64,,1.0,-0.67,reject
B intraday momentum,FRXEUR|L28|b1|g30|flip,FRXEUR,lookback=28; band=1; grid=30min; exit=flip,,,-0.47,-0.76,,1.0,-1.76,reject
B intraday momentum,FRXEUR|L28|b1|g30|twap_stop,FRXEUR,lookback=28; band=1; grid=30min; exit=twap_stop,,,-0.61,-1.14,,1.0,-1.54,reject
B intraday momentum,FRXEUR|L28|b1|g60|flip,FRXEUR,lookback=28; band=1; grid=60min; exit=flip,,,-0.51,-0.56,,1.0,-0.89,reject
B intraday momentum,FRXEUR|L28|b1|g60|twap_stop,FRXEUR,lookback=28; band=1; grid=60min; exit=twap_stop,,,-0.53,-0.65,,1.0,-0.73,reject
B intraday momentum,FRXEUR|L7|b0.8|g30|flip,FRXEUR,lookback=7; band=0.8; grid=30min; exit=flip,,,-0.51,-0.92,,1.0,-0.59,reject
B intraday momentum,FRXEUR|L7|b0.8|g30|twap_stop,FRXEUR,lookback=7; band=0.8; grid=30min; exit=twap_stop,,,-0.69,-1.37,,1.0,-0.68,reject
B intraday momentum,FRXEUR|L7|b0.8|g60|flip,FRXEUR,lookback=7; band=0.8; grid=60min; exit=flip,,,-0.72,-0.62,,1.0,-1.2,reject
B intraday momentum,FRXEUR|L7|b0.8|g60|twap_stop,FRXEUR,lookback=7; band=0.8; grid=60min; exit=twap_stop,,,-0.68,-0.75,,1.0,-1.1,reject
B intraday momentum,FRXEUR|L7|b1.25|g30|flip,FRXEUR,lookback=7; band=1.25; grid=30min; exit=flip,,,-0.55,-0.51,,1.0,-0.56,reject
B intraday momentum,FRXEUR|L7|b1.25|g30|twap_stop,FRXEUR,lookback=7; band=1.25; grid=30min; exit=twap_stop,,,-0.5,-0.86,,1.0,-1.13,reject
B intraday momentum,FRXEUR|L7|b1.25|g60|flip,FRXEUR,lookback=7; band=1.25; grid=60min; exit=flip,,,-0.55,-0.11,,1.0,-0.87,reject
B intraday momentum,FRXEUR|L7|b1.25|g60|twap_stop,FRXEUR,lookback=7; band=1.25; grid=60min; exit=twap_stop,,,-0.6,-0.47,,1.0,-1.14,reject
B intraday momentum,FRXEUR|L7|b1|g30|flip,FRXEUR,lookback=7; band=1; grid=30min; exit=flip,,,-0.53,-0.66,,1.0,-0.77,reject
B intraday momentum,FRXEUR|L7|b1|g30|twap_stop,FRXEUR,lookback=7; band=1; grid=30min; exit=twap_stop,,,-0.53,-1.09,,1.0,-0.55,reject
B intraday momentum,FRXEUR|L7|b1|g60|flip,FRXEUR,lookback=7; band=1; grid=60min; exit=flip,,,-0.64,-0.52,,1.0,-0.45,reject
B intraday momentum,FRXEUR|L7|b1|g60|twap_stop,FRXEUR,lookback=7; band=1; grid=60min; exit=twap_stop,,,-0.54,-0.47,,1.0,-0.58,reject
B intraday momentum,UKXGBP|L14|b0.8|g30|flip,UKXGBP,lookback=14; band=0.8; grid=30min; exit=flip,,,-0.37,-0.67,,1.0,-0.51,reject
B intraday momentum,UKXGBP|L14|b0.8|g30|twap_stop,UKXGBP,lookback=14; band=0.8; grid=30min; exit=twap_stop,,,-0.7,-1.38,,1.0,0.25,reject
B intraday momentum,UKXGBP|L14|b0.8|g60|flip,UKXGBP,lookback=14; band=0.8; grid=60min; exit=flip,,,-0.35,-0.76,,1.0,-0.92,reject
B intraday momentum,UKXGBP|L14|b0.8|g60|twap_stop,UKXGBP,lookback=14; band=0.8; grid=60min; exit=twap_stop,,,-0.44,-1.1,,1.0,-0.35,reject
B intraday momentum,UKXGBP|L14|b1.25|g30|flip,UKXGBP,lookback=14; band=1.25; grid=30min; exit=flip,,,-0.14,-0.75,,1.0,0.53,reject
B intraday momentum,UKXGBP|L14|b1.25|g30|twap_stop,UKXGBP,lookback=14; band=1.25; grid=30min; exit=twap_stop,,,-0.37,-0.86,,1.0,-0.07,reject
B intraday momentum,UKXGBP|L14|b1.25|g60|flip,UKXGBP,lookback=14; band=1.25; grid=60min; exit=flip,,,-0.29,-0.68,,1.0,-0.64,reject
B intraday momentum,UKXGBP|L14|b1.25|g60|twap_stop,UKXGBP,lookback=14; band=1.25; grid=60min; exit=twap_stop,,,-0.38,-0.64,,1.0,-0.42,reject
B intraday momentum,UKXGBP|L14|b1|g30|flip,UKXGBP,lookback=14; band=1; grid=30min; exit=flip,,,-0.28,-0.67,,1.0,0.23,reject
B intraday momentum,UKXGBP|L14|b1|g30|twap_stop,UKXGBP,lookback=14; band=1; grid=30min; exit=twap_stop,,,-0.34,-0.9,,1.0,0.01,reject
B intraday momentum,UKXGBP|L14|b1|g60|flip,UKXGBP,lookback=14; band=1; grid=60min; exit=flip,,,-0.34,-0.72,,1.0,-0.37,reject
B intraday momentum,UKXGBP|L14|b1|g60|twap_stop,UKXGBP,lookback=14; band=1; grid=60min; exit=twap_stop,,,-0.34,-0.79,,1.0,0.19,reject
B intraday momentum,UKXGBP|L28|b0.8|g30|flip,UKXGBP,lookback=28; band=0.8; grid=30min; exit=flip,,,-0.43,-0.58,,1.0,-0.08,reject
B intraday momentum,UKXGBP|L28|b0.8|g30|twap_stop,UKXGBP,lookback=28; band=0.8; grid=30min; exit=twap_stop,,,-0.74,-1.07,,1.0,0.5,reject
B intraday momentum,UKXGBP|L28|b0.8|g60|flip,UKXGBP,lookback=28; band=0.8; grid=60min; exit=flip,,,-0.4,-0.62,,1.0,-0.53,reject
B intraday momentum,UKXGBP|L28|b0.8|g60|twap_stop,UKXGBP,lookback=28; band=0.8; grid=60min; exit=twap_stop,,,-0.43,-0.89,,1.0,-0.38,reject
B intraday momentum,UKXGBP|L28|b1.25|g30|flip,UKXGBP,lookback=28; band=1.25; grid=30min; exit=flip,,,0.07,-0.5,,1.0,-0.01,reject
B intraday momentum,UKXGBP|L28|b1.25|g30|twap_stop,UKXGBP,lookback=28; band=1.25; grid=30min; exit=twap_stop,,,0.14,-0.58,,1.0,-0.33,reject
B intraday momentum,UKXGBP|L28|b1.25|g60|flip,UKXGBP,lookback=28; band=1.25; grid=60min; exit=flip,,,-0.18,-0.5,,1.0,-0.66,reject
B intraday momentum,UKXGBP|L28|b1.25|g60|twap_stop,UKXGBP,lookback=28; band=1.25; grid=60min; exit=twap_stop,,,0.0,-0.47,,1.0,-0.54,reject
B intraday momentum,UKXGBP|L28|b1|g30|flip,UKXGBP,lookback=28; band=1; grid=30min; exit=flip,,,-0.28,-0.7,,1.0,0.27,reject
B intraday momentum,UKXGBP|L28|b1|g30|twap_stop,UKXGBP,lookback=28; band=1; grid=30min; exit=twap_stop,,,-0.42,-1.01,,1.0,0.18,reject
B intraday momentum,UKXGBP|L28|b1|g60|flip,UKXGBP,lookback=28; band=1; grid=60min; exit=flip,,,-0.39,-0.65,,1.0,-0.07,reject
B intraday momentum,UKXGBP|L28|b1|g60|twap_stop,UKXGBP,lookback=28; band=1; grid=60min; exit=twap_stop,,,-0.42,-0.82,,1.0,0.55,reject
B intraday momentum,UKXGBP|L7|b0.8|g30|flip,UKXGBP,lookback=7; band=0.8; grid=30min; exit=flip,,,-0.35,-0.8,,1.0,-0.49,reject
B intraday momentum,UKXGBP|L7|b0.8|g30|twap_stop,UKXGBP,lookback=7; band=0.8; grid=30min; exit=twap_stop,,,-0.99,-1.15,,1.0,-0.37,reject
B intraday momentum,UKXGBP|L7|b0.8|g60|flip,UKXGBP,lookback=7; band=0.8; grid=60min; exit=flip,,,-0.51,-0.89,,1.0,-1.01,reject
B intraday momentum,UKXGBP|L7|b0.8|g60|twap_stop,UKXGBP,lookback=7; band=0.8; grid=60min; exit=twap_stop,,,-0.59,-1.07,,1.0,-0.56,reject
B intraday momentum,UKXGBP|L7|b1.25|g30|flip,UKXGBP,lookback=7; band=1.25; grid=30min; exit=flip,,,-0.04,-0.71,,1.0,-0.22,reject
B intraday momentum,UKXGBP|L7|b1.25|g30|twap_stop,UKXGBP,lookback=7; band=1.25; grid=30min; exit=twap_stop,,,-0.52,-1.11,,1.0,-0.54,reject
B intraday momentum,UKXGBP|L7|b1.25|g60|flip,UKXGBP,lookback=7; band=1.25; grid=60min; exit=flip,,,-0.46,-0.69,,1.0,-1.01,reject
B intraday momentum,UKXGBP|L7|b1.25|g60|twap_stop,UKXGBP,lookback=7; band=1.25; grid=60min; exit=twap_stop,,,-0.43,-0.79,,1.0,-0.46,reject
B intraday momentum,UKXGBP|L7|b1|g30|flip,UKXGBP,lookback=7; band=1; grid=30min; exit=flip,,,-0.23,-0.82,,1.0,0.14,reject
B intraday momentum,UKXGBP|L7|b1|g30|twap_stop,UKXGBP,lookback=7; band=1; grid=30min; exit=twap_stop,,,-0.66,-1.11,,1.0,0.18,reject
B intraday momentum,UKXGBP|L7|b1|g60|flip,UKXGBP,lookback=7; band=1; grid=60min; exit=flip,,,-0.43,-0.91,,1.0,-0.52,reject
B intraday momentum,UKXGBP|L7|b1|g60|twap_stop,UKXGBP,lookback=7; band=1; grid=60min; exit=twap_stop,,,-0.46,-0.9,,1.0,-0.4,reject
B intraday momentum,JPXJPY|L14|b0.8|g30|flip,JPXJPY,lookback=14; band=0.8; grid=30min; exit=flip,,,-0.54,-0.17,,1.0,-1.2,reject
B intraday momentum,JPXJPY|L14|b0.8|g30|twap_stop,JPXJPY,lookback=14; band=0.8; grid=30min; exit=twap_stop,,,-0.1,-0.22,,1.0,-1.43,reject
B intraday momentum,JPXJPY|L14|b0.8|g60|flip,JPXJPY,lookback=14; band=0.8; grid=60min; exit=flip,,,-0.36,-0.07,,1.0,-1.79,reject
B intraday momentum,JPXJPY|L14|b0.8|g60|twap_stop,JPXJPY,lookback=14; band=0.8; grid=60min; exit=twap_stop,,,-0.01,-0.24,,1.0,-1.3,reject
B intraday momentum,JPXJPY|L14|b1.25|g30|flip,JPXJPY,lookback=14; band=1.25; grid=30min; exit=flip,,,-0.36,-0.15,,1.0,-0.04,reject
B intraday momentum,JPXJPY|L14|b1.25|g30|twap_stop,JPXJPY,lookback=14; band=1.25; grid=30min; exit=twap_stop,,,0.12,-0.39,,1.0,-0.36,reject
B intraday momentum,JPXJPY|L14|b1.25|g60|flip,JPXJPY,lookback=14; band=1.25; grid=60min; exit=flip,,,-0.17,0.19,,0.999,0.34,3 (positive)
B intraday momentum,JPXJPY|L14|b1.25|g60|twap_stop,JPXJPY,lookback=14; band=1.25; grid=60min; exit=twap_stop,,,0.23,0.01,,1.0,0.57,3 (positive)
B intraday momentum,JPXJPY|L14|b1|g30|flip,JPXJPY,lookback=14; band=1; grid=30min; exit=flip,,,-0.42,-0.14,,1.0,-1.26,reject
B intraday momentum,JPXJPY|L14|b1|g30|twap_stop,JPXJPY,lookback=14; band=1; grid=30min; exit=twap_stop,,,-0.0,-0.33,,1.0,-1.26,reject
B intraday momentum,JPXJPY|L14|b1|g60|flip,JPXJPY,lookback=14; band=1; grid=60min; exit=flip,,,-0.22,0.03,,1.0,-1.57,3 (positive)
B intraday momentum,JPXJPY|L14|b1|g60|twap_stop,JPXJPY,lookback=14; band=1; grid=60min; exit=twap_stop,,,0.2,-0.08,,1.0,-0.72,reject
B intraday momentum,JPXJPY|L28|b0.8|g30|flip,JPXJPY,lookback=28; band=0.8; grid=30min; exit=flip,,,-0.42,0.13,,0.999,-1.45,3 (positive)
B intraday momentum,JPXJPY|L28|b0.8|g30|twap_stop,JPXJPY,lookback=28; band=0.8; grid=30min; exit=twap_stop,,,-0.09,-0.23,,1.0,-1.82,reject
B intraday momentum,JPXJPY|L28|b0.8|g60|flip,JPXJPY,lookback=28; band=0.8; grid=60min; exit=flip,,,-0.24,-0.03,,1.0,-1.82,reject
B intraday momentum,JPXJPY|L28|b0.8|g60|twap_stop,JPXJPY,lookback=28; band=0.8; grid=60min; exit=twap_stop,,,0.04,-0.16,,1.0,-1.55,reject
B intraday momentum,JPXJPY|L28|b1.25|g30|flip,JPXJPY,lookback=28; band=1.25; grid=30min; exit=flip,,,-0.36,-0.34,,1.0,-0.19,reject
B intraday momentum,JPXJPY|L28|b1.25|g30|twap_stop,JPXJPY,lookback=28; band=1.25; grid=30min; exit=twap_stop,,,0.35,-0.28,,1.0,0.24,reject
B intraday momentum,JPXJPY|L28|b1.25|g60|flip,JPXJPY,lookback=28; band=1.25; grid=60min; exit=flip,,,-0.16,0.02,,1.0,-0.29,3 (positive)
B intraday momentum,JPXJPY|L28|b1.25|g60|twap_stop,JPXJPY,lookback=28; band=1.25; grid=60min; exit=twap_stop,,,0.4,-0.11,,1.0,0.28,reject
B intraday momentum,JPXJPY|L28|b1|g30|flip,JPXJPY,lookback=28; band=1; grid=30min; exit=flip,,,-0.5,-0.07,,1.0,-0.87,reject
B intraday momentum,JPXJPY|L28|b1|g30|twap_stop,JPXJPY,lookback=28; band=1; grid=30min; exit=twap_stop,,,0.14,-0.43,,1.0,-0.61,reject
B intraday momentum,JPXJPY|L28|b1|g60|flip,JPXJPY,lookback=28; band=1; grid=60min; exit=flip,,,-0.25,-0.17,,1.0,-0.92,reject
B intraday momentum,JPXJPY|L28|b1|g60|twap_stop,JPXJPY,lookback=28; band=1; grid=60min; exit=twap_stop,,,0.26,-0.11,,1.0,-0.29,reject
B intraday momentum,JPXJPY|L7|b0.8|g30|flip,JPXJPY,lookback=7; band=0.8; grid=30min; exit=flip,,,-0.63,-0.16,,1.0,-1.03,reject
B intraday momentum,JPXJPY|L7|b0.8|g30|twap_stop,JPXJPY,lookback=7; band=0.8; grid=30min; exit=twap_stop,,,-0.13,-0.29,,1.0,-0.68,reject
B intraday momentum,JPXJPY|L7|b0.8|g60|flip,JPXJPY,lookback=7; band=0.8; grid=60min; exit=flip,,,-0.39,0.05,,1.0,-1.04,3 (positive)
B intraday momentum,JPXJPY|L7|b0.8|g60|twap_stop,JPXJPY,lookback=7; band=0.8; grid=60min; exit=twap_stop,,,-0.11,-0.21,,1.0,-0.15,reject
B intraday momentum,JPXJPY|L7|b1.25|g30|flip,JPXJPY,lookback=7; band=1.25; grid=30min; exit=flip,,,0.01,-0.13,,1.0,-0.3,reject
B intraday momentum,JPXJPY|L7|b1.25|g30|twap_stop,JPXJPY,lookback=7; band=1.25; grid=30min; exit=twap_stop,,,0.07,-0.7,,1.0,-0.48,reject
B intraday momentum,JPXJPY|L7|b1.25|g60|flip,JPXJPY,lookback=7; band=1.25; grid=60min; exit=flip,,,0.07,-0.12,,1.0,-1.28,reject
B intraday momentum,JPXJPY|L7|b1.25|g60|twap_stop,JPXJPY,lookback=7; band=1.25; grid=60min; exit=twap_stop,,,-0.04,-0.45,,1.0,-0.55,reject
B intraday momentum,JPXJPY|L7|b1|g30|flip,JPXJPY,lookback=7; band=1; grid=30min; exit=flip,,,-0.26,-0.06,,1.0,-1.05,reject
B intraday momentum,JPXJPY|L7|b1|g30|twap_stop,JPXJPY,lookback=7; band=1; grid=30min; exit=twap_stop,,,-0.02,-0.47,,1.0,-1.44,reject
B intraday momentum,JPXJPY|L7|b1|g60|flip,JPXJPY,lookback=7; band=1; grid=60min; exit=flip,,,-0.09,0.08,,1.0,-1.07,3 (positive)
B intraday momentum,JPXJPY|L7|b1|g60|twap_stop,JPXJPY,lookback=7; band=1; grid=60min; exit=twap_stop,,,0.14,-0.24,,1.0,-0.63,reject
B intraday momentum,AUXAUD|L14|b0.8|g30|flip,AUXAUD,lookback=14; band=0.8; grid=30min; exit=flip,,,-0.28,-0.46,,1.0,-2.39,reject
B intraday momentum,AUXAUD|L14|b0.8|g30|twap_stop,AUXAUD,lookback=14; band=0.8; grid=30min; exit=twap_stop,,,-1.27,-1.49,,1.0,-3.41,reject
B intraday momentum,AUXAUD|L14|b0.8|g60|flip,AUXAUD,lookback=14; band=0.8; grid=60min; exit=flip,,,-0.53,-0.51,,1.0,-1.54,reject
B intraday momentum,AUXAUD|L14|b0.8|g60|twap_stop,AUXAUD,lookback=14; band=0.8; grid=60min; exit=twap_stop,,,-0.91,-0.99,,1.0,-1.51,reject
B intraday momentum,AUXAUD|L14|b1.25|g30|flip,AUXAUD,lookback=14; band=1.25; grid=30min; exit=flip,,,-0.3,-0.59,,1.0,-2.11,reject
B intraday momentum,AUXAUD|L14|b1.25|g30|twap_stop,AUXAUD,lookback=14; band=1.25; grid=30min; exit=twap_stop,,,-0.87,-1.26,,1.0,-2.77,reject
B intraday momentum,AUXAUD|L14|b1.25|g60|flip,AUXAUD,lookback=14; band=1.25; grid=60min; exit=flip,,,-0.24,-0.49,,1.0,-2.09,reject
B intraday momentum,AUXAUD|L14|b1.25|g60|twap_stop,AUXAUD,lookback=14; band=1.25; grid=60min; exit=twap_stop,,,-0.63,-0.79,,1.0,-2.05,reject
B intraday momentum,AUXAUD|L14|b1|g30|flip,AUXAUD,lookback=14; band=1; grid=30min; exit=flip,,,-0.46,-0.54,,1.0,-2.66,reject
B intraday momentum,AUXAUD|L14|b1|g30|twap_stop,AUXAUD,lookback=14; band=1; grid=30min; exit=twap_stop,,,-1.34,-1.46,,1.0,-2.73,reject
B intraday momentum,AUXAUD|L14|b1|g60|flip,AUXAUD,lookback=14; band=1; grid=60min; exit=flip,,,-0.49,-0.5,,1.0,-2.07,reject
B intraday momentum,AUXAUD|L14|b1|g60|twap_stop,AUXAUD,lookback=14; band=1; grid=60min; exit=twap_stop,,,-0.9,-1.03,,1.0,-1.45,reject
B intraday momentum,AUXAUD|L28|b0.8|g30|flip,AUXAUD,lookback=28; band=0.8; grid=30min; exit=flip,,,-0.09,-0.37,,1.0,-2.56,reject
B intraday momentum,AUXAUD|L28|b0.8|g30|twap_stop,AUXAUD,lookback=28; band=0.8; grid=30min; exit=twap_stop,,,-1.08,-0.93,,1.0,-4.18,reject
B intraday momentum,AUXAUD|L28|b0.8|g60|flip,AUXAUD,lookback=28; band=0.8; grid=60min; exit=flip,,,-0.31,-0.3,,1.0,-1.59,reject
B intraday momentum,AUXAUD|L28|b0.8|g60|twap_stop,AUXAUD,lookback=28; band=0.8; grid=60min; exit=twap_stop,,,-0.73,-0.57,,1.0,-2.23,reject
B intraday momentum,AUXAUD|L28|b1.25|g30|flip,AUXAUD,lookback=28; band=1.25; grid=30min; exit=flip,,,-0.15,-0.5,,1.0,-2.3,reject
B intraday momentum,AUXAUD|L28|b1.25|g30|twap_stop,AUXAUD,lookback=28; band=1.25; grid=30min; exit=twap_stop,,,-1.02,-1.06,,1.0,-2.86,reject
B intraday momentum,AUXAUD|L28|b1.25|g60|flip,AUXAUD,lookback=28; band=1.25; grid=60min; exit=flip,,,-0.39,-0.6,,1.0,-1.24,reject
B intraday momentum,AUXAUD|L28|b1.25|g60|twap_stop,AUXAUD,lookback=28; band=1.25; grid=60min; exit=twap_stop,,,-0.61,-0.83,,1.0,-1.72,reject
B intraday momentum,AUXAUD|L28|b1|g30|flip,AUXAUD,lookback=28; band=1; grid=30min; exit=flip,,,-0.18,-0.4,,1.0,-2.7,reject
B intraday momentum,AUXAUD|L28|b1|g30|twap_stop,AUXAUD,lookback=28; band=1; grid=30min; exit=twap_stop,,,-1.14,-1.04,,1.0,-3.01,reject
B intraday momentum,AUXAUD|L28|b1|g60|flip,AUXAUD,lookback=28; band=1; grid=60min; exit=flip,,,-0.39,-0.53,,1.0,-1.51,reject
B intraday momentum,AUXAUD|L28|b1|g60|twap_stop,AUXAUD,lookback=28; band=1; grid=60min; exit=twap_stop,,,-0.69,-0.7,,1.0,-1.08,reject
B intraday momentum,AUXAUD|L7|b0.8|g30|flip,AUXAUD,lookback=7; band=0.8; grid=30min; exit=flip,,,-0.4,-0.55,,1.0,-2.58,reject
B intraday momentum,AUXAUD|L7|b0.8|g30|twap_stop,AUXAUD,lookback=7; band=0.8; grid=30min; exit=twap_stop,,,-1.37,-1.6,,1.0,-3.56,reject
B intraday momentum,AUXAUD|L7|b0.8|g60|flip,AUXAUD,lookback=7; band=0.8; grid=60min; exit=flip,,,-0.68,-0.57,,1.0,-1.43,reject
B intraday momentum,AUXAUD|L7|b0.8|g60|twap_stop,AUXAUD,lookback=7; band=0.8; grid=60min; exit=twap_stop,,,-1.05,-1.08,,1.0,-1.79,reject
B intraday momentum,AUXAUD|L7|b1.25|g30|flip,AUXAUD,lookback=7; band=1.25; grid=30min; exit=flip,,,-0.21,-0.71,,1.0,-1.79,reject
B intraday momentum,AUXAUD|L7|b1.25|g30|twap_stop,AUXAUD,lookback=7; band=1.25; grid=30min; exit=twap_stop,,,-0.77,-1.28,,1.0,-2.41,reject
B intraday momentum,AUXAUD|L7|b1.25|g60|flip,AUXAUD,lookback=7; band=1.25; grid=60min; exit=flip,,,-0.49,-0.66,,1.0,-1.82,reject
B intraday momentum,AUXAUD|L7|b1.25|g60|twap_stop,AUXAUD,lookback=7; band=1.25; grid=60min; exit=twap_stop,,,-0.64,-0.75,,1.0,-1.7,reject
B intraday momentum,AUXAUD|L7|b1|g30|flip,AUXAUD,lookback=7; band=1; grid=30min; exit=flip,,,-0.5,-0.75,,1.0,-2.05,reject
B intraday momentum,AUXAUD|L7|b1|g30|twap_stop,AUXAUD,lookback=7; band=1; grid=30min; exit=twap_stop,,,-1.23,-1.38,,1.0,-3.12,reject
B intraday momentum,AUXAUD|L7|b1|g60|flip,AUXAUD,lookback=7; band=1; grid=60min; exit=flip,,,-0.47,-0.56,,1.0,-1.24,reject
B intraday momentum,AUXAUD|L7|b1|g60|twap_stop,AUXAUD,lookback=7; band=1; grid=60min; exit=twap_stop,,,-0.85,-0.95,,1.0,-1.4,reject
B intraday momentum,HKXHKD|L14|b0.8|g30|flip,HKXHKD,lookback=14; band=0.8; grid=30min; exit=flip,,,0.15,0.11,,1.0,-1.26,3 (positive)
B intraday momentum,HKXHKD|L14|b0.8|g30|twap_stop,HKXHKD,lookback=14; band=0.8; grid=30min; exit=twap_stop,,,-0.04,-0.16,,1.0,-1.78,reject
B intraday momentum,HKXHKD|L14|b0.8|g60|flip,HKXHKD,lookback=14; band=0.8; grid=60min; exit=flip,,,0.3,0.04,,1.0,-1.93,3 (positive)
B intraday momentum,HKXHKD|L14|b0.8|g60|twap_stop,HKXHKD,lookback=14; band=0.8; grid=60min; exit=twap_stop,,,-0.06,-0.11,,1.0,-2.28,reject
B intraday momentum,HKXHKD|L14|b1.25|g30|flip,HKXHKD,lookback=14; band=1.25; grid=30min; exit=flip,,,0.06,0.4,,0.984,-0.8,3 (positive)
B intraday momentum,HKXHKD|L14|b1.25|g30|twap_stop,HKXHKD,lookback=14; band=1.25; grid=30min; exit=twap_stop,,,-0.37,0.04,,1.0,-1.22,3 (positive)
B intraday momentum,HKXHKD|L14|b1.25|g60|flip,HKXHKD,lookback=14; band=1.25; grid=60min; exit=flip,,,-0.02,0.39,,0.98,-1.22,3 (positive)
B intraday momentum,HKXHKD|L14|b1.25|g60|twap_stop,HKXHKD,lookback=14; band=1.25; grid=60min; exit=twap_stop,,,-0.12,0.32,,0.997,-1.57,3 (positive)
B intraday momentum,HKXHKD|L14|b1|g30|flip,HKXHKD,lookback=14; band=1; grid=30min; exit=flip,,,0.27,0.26,,0.998,-1.12,3 (positive)
B intraday momentum,HKXHKD|L14|b1|g30|twap_stop,HKXHKD,lookback=14; band=1; grid=30min; exit=twap_stop,,,0.1,-0.13,,1.0,-1.48,reject
B intraday momentum,HKXHKD|L14|b1|g60|flip,HKXHKD,lookback=14; band=1; grid=60min; exit=flip,,,0.17,0.08,,1.0,-1.67,3 (positive)
B intraday momentum,HKXHKD|L14|b1|g60|twap_stop,HKXHKD,lookback=14; band=1; grid=60min; exit=twap_stop,,,0.21,-0.02,,1.0,-2.05,reject
B intraday momentum,HKXHKD|L28|b0.8|g30|flip,HKXHKD,lookback=28; band=0.8; grid=30min; exit=flip,,,0.03,0.03,,1.0,-1.42,3 (positive)
B intraday momentum,HKXHKD|L28|b0.8|g30|twap_stop,HKXHKD,lookback=28; band=0.8; grid=30min; exit=twap_stop,,,-0.13,-0.38,,1.0,-2.01,reject
B intraday momentum,HKXHKD|L28|b0.8|g60|flip,HKXHKD,lookback=28; band=0.8; grid=60min; exit=flip,,,0.0,-0.12,,1.0,-1.91,reject
B intraday momentum,HKXHKD|L28|b0.8|g60|twap_stop,HKXHKD,lookback=28; band=0.8; grid=60min; exit=twap_stop,,,-0.14,-0.23,,1.0,-2.16,reject
B intraday momentum,HKXHKD|L28|b1.25|g30|flip,HKXHKD,lookback=28; band=1.25; grid=30min; exit=flip,,,0.0,0.36,,0.988,-1.35,3 (positive)
B intraday momentum,HKXHKD|L28|b1.25|g30|twap_stop,HKXHKD,lookback=28; band=1.25; grid=30min; exit=twap_stop,,,-0.25,0.2,,0.999,-1.52,3 (positive)
B intraday momentum,HKXHKD|L28|b1.25|g60|flip,HKXHKD,lookback=28; band=1.25; grid=60min; exit=flip,,,-0.11,0.25,,0.998,-1.18,3 (positive)
B intraday momentum,HKXHKD|L28|b1.25|g60|twap_stop,HKXHKD,lookback=28; band=1.25; grid=60min; exit=twap_stop,,,-0.02,0.17,,0.999,-1.59,3 (positive)
B intraday momentum,HKXHKD|L28|b1|g30|flip,HKXHKD,lookback=28; band=1; grid=30min; exit=flip,,,0.14,0.02,,1.0,-1.71,3 (positive)
B intraday momentum,HKXHKD|L28|b1|g30|twap_stop,HKXHKD,lookback=28; band=1; grid=30min; exit=twap_stop,,,-0.03,-0.22,,1.0,-2.0,reject
B intraday momentum,HKXHKD|L28|b1|g60|flip,HKXHKD,lookback=28; band=1; grid=60min; exit=flip,,,0.12,0.04,,1.0,-2.0,3 (positive)
B intraday momentum,HKXHKD|L28|b1|g60|twap_stop,HKXHKD,lookback=28; band=1; grid=60min; exit=twap_stop,,,-0.01,0.03,,1.0,-2.2,3 (positive)
B intraday momentum,HKXHKD|L7|b0.8|g30|flip,HKXHKD,lookback=7; band=0.8; grid=30min; exit=flip,,,0.01,0.31,,0.996,-0.81,3 (positive)
B intraday momentum,HKXHKD|L7|b0.8|g30|twap_stop,HKXHKD,lookback=7; band=0.8; grid=30min; exit=twap_stop,,,-0.35,0.04,,1.0,-1.42,3 (positive)
B intraday momentum,HKXHKD|L7|b0.8|g60|flip,HKXHKD,lookback=7; band=0.8; grid=60min; exit=flip,,,0.12,0.12,,0.999,-1.5,3 (positive)
B intraday momentum,HKXHKD|L7|b0.8|g60|twap_stop,HKXHKD,lookback=7; band=0.8; grid=60min; exit=twap_stop,,,-0.03,0.22,,0.999,-2.04,3 (positive)
B intraday momentum,HKXHKD|L7|b1.25|g30|flip,HKXHKD,lookback=7; band=1.25; grid=30min; exit=flip,,,0.08,0.51,,0.955,-1.91,3 (positive)
B intraday momentum,HKXHKD|L7|b1.25|g30|twap_stop,HKXHKD,lookback=7; band=1.25; grid=30min; exit=twap_stop,,,-0.06,0.09,,1.0,-2.73,3 (positive)
B intraday momentum,HKXHKD|L7|b1.25|g60|flip,HKXHKD,lookback=7; band=1.25; grid=60min; exit=flip,,,-0.11,0.42,,0.977,-1.7,3 (positive)
B intraday momentum,HKXHKD|L7|b1.25|g60|twap_stop,HKXHKD,lookback=7; band=1.25; grid=60min; exit=twap_stop,,,0.05,0.31,,0.998,-1.42,3 (positive)
B intraday momentum,HKXHKD|L7|b1|g30|flip,HKXHKD,lookback=7; band=1; grid=30min; exit=flip,,,0.08,0.28,,0.998,-1.33,3 (positive)
B intraday momentum,HKXHKD|L7|b1|g30|twap_stop,HKXHKD,lookback=7; band=1; grid=30min; exit=twap_stop,,,-0.05,0.02,,1.0,-2.33,3 (positive)
B intraday momentum,HKXHKD|L7|b1|g60|flip,HKXHKD,lookback=7; band=1; grid=60min; exit=flip,,,0.02,0.24,,0.998,-1.6,3 (positive)
B intraday momentum,HKXHKD|L7|b1|g60|twap_stop,HKXHKD,lookback=7; band=1; grid=60min; exit=twap_stop,,,0.11,0.14,,0.999,-2.29,3 (positive)
B intraday momentum,XAUUSD|L14|b0.8|g30|flip,XAUUSD,lookback=14; band=0.8; grid=30min; exit=flip,,,-0.44,0.09,,1.0,-0.23,3 (positive)
B intraday momentum,XAUUSD|L14|b0.8|g30|twap_stop,XAUUSD,lookback=14; band=0.8; grid=30min; exit=twap_stop,,,-0.42,-0.14,,1.0,-1.8,reject
B intraday momentum,XAUUSD|L14|b0.8|g60|flip,XAUUSD,lookback=14; band=0.8; grid=60min; exit=flip,,,-0.42,0.11,,1.0,-0.22,3 (positive)
B intraday momentum,XAUUSD|L14|b0.8|g60|twap_stop,XAUUSD,lookback=14; band=0.8; grid=60min; exit=twap_stop,,,-0.24,0.07,,1.0,-0.93,3 (positive)
B intraday momentum,XAUUSD|L14|b1.25|g30|flip,XAUUSD,lookback=14; band=1.25; grid=30min; exit=flip,,,-0.14,0.29,,0.998,-0.09,3 (positive)
B intraday momentum,XAUUSD|L14|b1.25|g30|twap_stop,XAUUSD,lookback=14; band=1.25; grid=30min; exit=twap_stop,,,0.06,-0.17,,1.0,-1.12,reject
B intraday momentum,XAUUSD|L14|b1.25|g60|flip,XAUUSD,lookback=14; band=1.25; grid=60min; exit=flip,,,-0.12,0.31,,0.998,0.06,2 (robust)
B intraday momentum,XAUUSD|L14|b1.25|g60|twap_stop,XAUUSD,lookback=14; band=1.25; grid=60min; exit=twap_stop,,,0.14,0.11,,1.0,-0.26,3 (positive)
B intraday momentum,XAUUSD|L14|b1|g30|flip,XAUUSD,lookback=14; band=1; grid=30min; exit=flip,,,-0.34,0.06,,1.0,-0.74,3 (positive)
B intraday momentum,XAUUSD|L14|b1|g30|twap_stop,XAUUSD,lookback=14; band=1; grid=30min; exit=twap_stop,,,-0.18,-0.32,,1.0,-1.88,reject
B intraday momentum,XAUUSD|L14|b1|g60|flip,XAUUSD,lookback=14; band=1; grid=60min; exit=flip,,,-0.37,0.19,,0.999,-0.73,3 (positive)
B intraday momentum,XAUUSD|L14|b1|g60|twap_stop,XAUUSD,lookback=14; band=1; grid=60min; exit=twap_stop,,,-0.19,0.03,,1.0,-0.91,3 (positive)
B intraday momentum,XAUUSD|L28|b0.8|g30|flip,XAUUSD,lookback=28; band=0.8; grid=30min; exit=flip,,,-0.61,0.03,,1.0,-0.21,3 (positive)
B intraday momentum,XAUUSD|L28|b0.8|g30|twap_stop,XAUUSD,lookback=28; band=0.8; grid=30min; exit=twap_stop,,,-0.58,-0.27,,1.0,-1.85,reject
B intraday momentum,XAUUSD|L28|b0.8|g60|flip,XAUUSD,lookback=28; band=0.8; grid=60min; exit=flip,,,-0.49,-0.06,,1.0,-0.43,reject
B intraday momentum,XAUUSD|L28|b0.8|g60|twap_stop,XAUUSD,lookback=28; band=0.8; grid=60min; exit=twap_stop,,,-0.21,-0.06,,1.0,-0.95,reject
B intraday momentum,XAUUSD|L28|b1.25|g30|flip,XAUUSD,lookback=28; band=1.25; grid=30min; exit=flip,,,-0.22,0.23,,0.999,-1.29,3 (positive)
B intraday momentum,XAUUSD|L28|b1.25|g30|twap_stop,XAUUSD,lookback=28; band=1.25; grid=30min; exit=twap_stop,,,-0.03,-0.09,,1.0,-2.07,reject
B intraday momentum,XAUUSD|L28|b1.25|g60|flip,XAUUSD,lookback=28; band=1.25; grid=60min; exit=flip,,,-0.12,0.24,,0.999,-0.59,3 (positive)
B intraday momentum,XAUUSD|L28|b1.25|g60|twap_stop,XAUUSD,lookback=28; band=1.25; grid=60min; exit=twap_stop,,,0.07,0.06,,1.0,-0.79,3 (positive)
B intraday momentum,XAUUSD|L28|b1|g30|flip,XAUUSD,lookback=28; band=1; grid=30min; exit=flip,,,-0.4,-0.05,,1.0,-1.17,reject
B intraday momentum,XAUUSD|L28|b1|g30|twap_stop,XAUUSD,lookback=28; band=1; grid=30min; exit=twap_stop,,,-0.22,-0.23,,1.0,-1.84,reject
B intraday momentum,XAUUSD|L28|b1|g60|flip,XAUUSD,lookback=28; band=1; grid=60min; exit=flip,,,-0.49,0.05,,1.0,-0.9,3 (positive)
B intraday momentum,XAUUSD|L28|b1|g60|twap_stop,XAUUSD,lookback=28; band=1; grid=60min; exit=twap_stop,,,-0.17,-0.14,,1.0,-0.76,reject
B intraday momentum,XAUUSD|L7|b0.8|g30|flip,XAUUSD,lookback=7; band=0.8; grid=30min; exit=flip,,,-0.31,-0.2,,1.0,-0.35,reject
B intraday momentum,XAUUSD|L7|b0.8|g30|twap_stop,XAUUSD,lookback=7; band=0.8; grid=30min; exit=twap_stop,,,-0.3,-0.36,,1.0,-1.67,reject
B intraday momentum,XAUUSD|L7|b0.8|g60|flip,XAUUSD,lookback=7; band=0.8; grid=60min; exit=flip,,,-0.41,-0.1,,1.0,-0.12,reject
B intraday momentum,XAUUSD|L7|b0.8|g60|twap_stop,XAUUSD,lookback=7; band=0.8; grid=60min; exit=twap_stop,,,-0.24,-0.22,,1.0,-0.71,reject
B intraday momentum,XAUUSD|L7|b1.25|g30|flip,XAUUSD,lookback=7; band=1.25; grid=30min; exit=flip,,,-0.24,0.02,,1.0,-0.79,3 (positive)
B intraday momentum,XAUUSD|L7|b1.25|g30|twap_stop,XAUUSD,lookback=7; band=1.25; grid=30min; exit=twap_stop,,,-0.22,-0.19,,1.0,-2.0,reject
B intraday momentum,XAUUSD|L7|b1.25|g60|flip,XAUUSD,lookback=7; band=1.25; grid=60min; exit=flip,,,-0.33,0.16,,0.999,-0.68,3 (positive)
B intraday momentum,XAUUSD|L7|b1.25|g60|twap_stop,XAUUSD,lookback=7; band=1.25; grid=60min; exit=twap_stop,,,-0.14,0.1,,1.0,-2.16,3 (positive)
B intraday momentum,XAUUSD|L7|b1|g30|flip,XAUUSD,lookback=7; band=1; grid=30min; exit=flip,,,-0.22,-0.05,,1.0,-0.55,reject
B intraday momentum,XAUUSD|L7|b1|g30|twap_stop,XAUUSD,lookback=7; band=1; grid=30min; exit=twap_stop,,,-0.17,-0.3,,1.0,-1.8,reject
B intraday momentum,XAUUSD|L7|b1|g60|flip,XAUUSD,lookback=7; band=1; grid=60min; exit=flip,,,-0.47,0.12,,0.999,0.08,3 (positive)
B intraday momentum,XAUUSD|L7|b1|g60|twap_stop,XAUUSD,lookback=7; band=1; grid=60min; exit=twap_stop,,,-0.09,0.03,,1.0,-0.68,3 (positive)
C trend,L21|sign|vol40|monthly,17 ETFs + BTC,L21|sign|vol40|monthly,,,-0.03,0.04,-0.13,0.978,,reject (family not significant; CFD financing)
C trend,L21|sign|vol40|weekly,17 ETFs + BTC,L21|sign|vol40|weekly,,,-0.08,-0.07,-0.26,0.987,,reject (family not significant; CFD financing)
C trend,L21|sign|equal|monthly,17 ETFs + BTC,L21|sign|equal|monthly,,,0.09,0.25,0.11,0.91,,reject (family not significant; CFD financing)
C trend,L21|sign|equal|weekly,17 ETFs + BTC,L21|sign|equal|weekly,,,0.06,0.11,-0.05,0.97,,reject (family not significant; CFD financing)
C trend,L21|sma|vol40|monthly,17 ETFs + BTC,L21|sma|vol40|monthly,,,0.01,-0.33,-0.45,0.989,,reject (family not significant; CFD financing)
C trend,L21|sma|vol40|weekly,17 ETFs + BTC,L21|sma|vol40|weekly,,,-0.3,0.09,-0.08,0.978,,reject (family not significant; CFD financing)
C trend,L21|sma|equal|monthly,17 ETFs + BTC,L21|sma|equal|monthly,,,0.06,-0.25,-0.37,0.989,,reject (family not significant; CFD financing)
C trend,L21|sma|equal|weekly,17 ETFs + BTC,L21|sma|equal|weekly,,,-0.06,0.37,0.23,0.761,,reject (family not significant; CFD financing)
C trend,L21|cross|vol40|monthly,17 ETFs + BTC,L21|cross|vol40|monthly,,,0.14,-0.04,-0.18,0.98,,reject (family not significant; CFD financing)
C trend,L21|cross|vol40|weekly,17 ETFs + BTC,L21|cross|vol40|weekly,,,-0.24,-0.15,-0.33,0.989,,reject (family not significant; CFD financing)
C trend,L21|cross|equal|monthly,17 ETFs + BTC,L21|cross|equal|monthly,,,0.17,0.13,0.03,0.95,,reject (family not significant; CFD financing)
C trend,L21|cross|equal|weekly,17 ETFs + BTC,L21|cross|equal|weekly,,,-0.09,0.05,-0.1,0.978,,reject (family not significant; CFD financing)
C trend,L63|sign|vol40|monthly,17 ETFs + BTC,L63|sign|vol40|monthly,,,0.39,0.33,0.06,0.939,,reject (family not significant; CFD financing)
C trend,L63|sign|vol40|weekly,17 ETFs + BTC,L63|sign|vol40|weekly,,,0.23,0.13,-0.17,0.98,,reject (family not significant; CFD financing)
C trend,L63|sign|equal|monthly,17 ETFs + BTC,L63|sign|equal|monthly,,,0.23,0.5,0.22,0.818,,reject (family not significant; CFD financing)
C trend,L63|sign|equal|weekly,17 ETFs + BTC,L63|sign|equal|weekly,,,0.12,0.27,0.0,0.962,,reject (family not significant; CFD financing)
C trend,L63|sma|vol40|monthly,17 ETFs + BTC,L63|sma|vol40|monthly,,,0.29,0.18,-0.06,0.972,,reject (family not significant; CFD financing)
C trend,L63|sma|vol40|weekly,17 ETFs + BTC,L63|sma|vol40|weekly,,,0.11,-0.01,-0.28,0.987,,reject (family not significant; CFD financing)
C trend,L63|sma|equal|monthly,17 ETFs + BTC,L63|sma|equal|monthly,,,0.16,0.38,0.14,0.9,,reject (family not significant; CFD financing)
C trend,L63|sma|equal|weekly,17 ETFs + BTC,L63|sma|equal|weekly,,,0.07,0.23,0.01,0.962,,reject (family not significant; CFD financing)
C trend,L63|cross|vol40|monthly,17 ETFs + BTC,L63|cross|vol40|monthly,,,0.48,0.15,-0.11,0.978,,reject (family not significant; CFD financing)
C trend,L63|cross|vol40|weekly,17 ETFs + BTC,L63|cross|vol40|weekly,,,0.34,0.22,-0.04,0.969,,reject (family not significant; CFD financing)
C trend,L63|cross|equal|monthly,17 ETFs + BTC,L63|cross|equal|monthly,,,0.32,0.4,0.17,0.875,,reject (family not significant; CFD financing)
C trend,L63|cross|equal|weekly,17 ETFs + BTC,L63|cross|equal|weekly,,,0.17,0.38,0.17,0.875,,reject (family not significant; CFD financing)
C trend,L126|sign|vol40|monthly,17 ETFs + BTC,L126|sign|vol40|monthly,,,0.65,0.02,-0.34,0.989,,reject (family not significant; CFD financing)
C trend,L126|sign|vol40|weekly,17 ETFs + BTC,L126|sign|vol40|weekly,,,0.46,0.12,-0.24,0.985,,reject (family not significant; CFD financing)
C trend,L126|sign|equal|monthly,17 ETFs + BTC,L126|sign|equal|monthly,,,0.45,0.39,0.01,0.962,,reject (family not significant; CFD financing)
C trend,L126|sign|equal|weekly,17 ETFs + BTC,L126|sign|equal|weekly,,,0.27,0.36,0.0,0.962,,reject (family not significant; CFD financing)
C trend,L126|sma|vol40|monthly,17 ETFs + BTC,L126|sma|vol40|monthly,,,0.62,0.22,-0.08,0.976,,reject (family not significant; CFD financing)
C trend,L126|sma|vol40|weekly,17 ETFs + BTC,L126|sma|vol40|weekly,,,0.4,0.12,-0.2,0.98,,reject (family not significant; CFD financing)
C trend,L126|sma|equal|monthly,17 ETFs + BTC,L126|sma|equal|monthly,,,0.46,0.44,0.15,0.893,,reject (family not significant; CFD financing)
C trend,L126|sma|equal|weekly,17 ETFs + BTC,L126|sma|equal|weekly,,,0.32,0.32,0.04,0.944,,reject (family not significant; CFD financing)
C trend,L126|cross|vol40|monthly,17 ETFs + BTC,L126|cross|vol40|monthly,,,0.58,0.13,-0.18,0.98,,reject (family not significant; CFD financing)
C trend,L126|cross|vol40|weekly,17 ETFs + BTC,L126|cross|vol40|weekly,,,0.47,0.2,-0.13,0.978,,reject (family not significant; CFD financing)
C trend,L126|cross|equal|monthly,17 ETFs + BTC,L126|cross|equal|monthly,,,0.37,0.42,0.13,0.908,,reject (family not significant; CFD financing)
C trend,L126|cross|equal|weekly,17 ETFs + BTC,L126|cross|equal|weekly,,,0.31,0.47,0.18,0.869,,reject (family not significant; CFD financing)
C trend,L252|sign|vol40|monthly,17 ETFs + BTC,L252|sign|vol40|monthly,,,0.36,0.42,0.0,0.962,,reject (family not significant; CFD financing)
C trend,L252|sign|vol40|weekly,17 ETFs + BTC,L252|sign|vol40|weekly,,,0.3,0.38,-0.04,0.969,,reject (family not significant; CFD financing)
C trend,L252|sign|equal|monthly,17 ETFs + BTC,L252|sign|equal|monthly,,,0.21,0.67,0.12,0.908,,reject (family not significant; CFD financing)
C trend,L252|sign|equal|weekly,17 ETFs + BTC,L252|sign|equal|weekly,,,0.13,0.64,0.12,0.908,,reject (family not significant; CFD financing)
C trend,L252|sma|vol40|monthly,17 ETFs + BTC,L252|sma|vol40|monthly,,,0.38,0.25,-0.13,0.978,,reject (family not significant; CFD financing)
C trend,L252|sma|vol40|weekly,17 ETFs + BTC,L252|sma|vol40|weekly,,,0.29,0.28,-0.11,0.978,,reject (family not significant; CFD financing)
C trend,L252|sma|equal|monthly,17 ETFs + BTC,L252|sma|equal|monthly,,,0.25,0.41,-0.04,0.969,,reject (family not significant; CFD financing)
C trend,L252|sma|equal|weekly,17 ETFs + BTC,L252|sma|equal|weekly,,,0.15,0.49,0.05,0.94,,reject (family not significant; CFD financing)
C trend,L252|cross|vol40|monthly,17 ETFs + BTC,L252|cross|vol40|monthly,,,0.37,0.26,-0.1,0.978,,reject (family not significant; CFD financing)
C trend,L252|cross|vol40|weekly,17 ETFs + BTC,L252|cross|vol40|weekly,,,0.3,0.23,-0.16,0.98,,reject (family not significant; CFD financing)
C trend,L252|cross|equal|monthly,17 ETFs + BTC,L252|cross|equal|monthly,,,0.21,0.42,-0.01,0.965,,reject (family not significant; CFD financing)
C trend,L252|cross|equal|weekly,17 ETFs + BTC,L252|cross|equal|weekly,,,0.19,0.45,0.01,0.961,,reject (family not significant; CFD financing)
D FX premia,carry|k2|none,G10 FX,carry|k2|none,monthly,,0.39,0.07,,0.896,,reject (family not significant)
D FX premia,carry|k2|volfilter,G10 FX,carry|k2|volfilter,monthly,,0.35,0.01,,0.946,,reject (family not significant)
D FX premia,carry|k3|none,G10 FX,carry|k3|none,monthly,,0.42,-0.08,,0.985,,reject (family not significant)
D FX premia,carry|k3|volfilter,G10 FX,carry|k3|volfilter,monthly,,0.55,-0.1,,0.985,,reject (family not significant)
D FX premia,mom|k2|1,G10 FX,mom|k2|1,monthly,,-0.46,-0.77,,1.0,,reject (family not significant)
D FX premia,mom|k2|3,G10 FX,mom|k2|3,monthly,,-0.04,-0.77,,1.0,,reject (family not significant)
D FX premia,mom|k2|12,G10 FX,mom|k2|12,monthly,,-0.01,-0.31,,0.998,,reject (family not significant)
D FX premia,mom|k3|1,G10 FX,mom|k3|1,monthly,,-0.3,-0.78,,1.0,,reject (family not significant)
D FX premia,mom|k3|3,G10 FX,mom|k3|3,monthly,,0.02,-1.03,,1.0,,reject (family not significant)
D FX premia,mom|k3|12,G10 FX,mom|k3|12,monthly,,-0.19,-0.45,,0.999,,reject (family not significant)
